id,name,quelle,event_woche,art_id,art,seltenheit,rarity_hex,form,konzept,silhouette,kopf,koerper,accessoire,einkommen_pro_s_L1,atk,hp,angriffe_pro_s,skill_kopf,profil_koerper,trait_accessoire,animation,sound,reveal,herkunft
B01,Waffelino,Basis (Ei),,1,Waffelino,Gewöhnlich,#B8C2CC,Klassik,Waffeleisen-Maus (Verdiener); Form Klassik: mattes Plastik,Kopf: Mauskopf mit Waffel-Ohren / Körper: aufklappbares Waffeleisen auf 4 Stummelbeinen / Accessoire: Sirupflaschen-Rucksack,H1,K1,A1,1.2,9,50,1.0,"Waffel-Wurf: Einzelziel, 1,2x ATK",Waffel-Leib: Einkommen +20 %,Sirup-Zins: +10 % Münzen aus Wellen,"Klapp-Hüpfer: Körper-Squash 0,85/1,15 Y alle 0,6 s, Ohren wippen",Knusper-Klick + hohes Fiepen; Name per Kokoro-TTS gesungen,"Staubwölkchen weiß, 1 Pling (400 ms)",Wiesen-/Sumpf-Ei
B02,Waffelinetto,Basis (Ei),,1,Waffelino,Ungewöhnlich,#5BD45B,Neon,Waffeleisen-Maus (Verdiener); Form Neon: Neon-Emissive-Kanten,Kopf: Mauskopf mit Waffel-Ohren / Körper: aufklappbares Waffeleisen auf 4 Stummelbeinen / Accessoire: Sirupflaschen-Rucksack,H1,K1,A1,4.8,36,200,1.0,"Waffel-Wurf: Einzelziel, 1,2x ATK",Waffel-Leib: Einkommen +20 %,Sirup-Zins: +10 % Münzen aus Wellen,"Klapp-Hüpfer: Körper-Squash 0,85/1,15 Y alle 0,6 s, Ohren wippen",Knusper-Klick + hohes Fiepen; Name per Kokoro-TTS gesungen,Grüner Konfetti-Puff + Doppel-Pling (600 ms),Wiesen-/Sumpf-/Wüsten-Ei
B03,Waffeloro,Basis (Ei),,1,Waffelino,Selten,#3AA0FF,Gold,Waffeleisen-Maus (Verdiener); Form Gold: Gold-Metallic,Kopf: Mauskopf mit Waffel-Ohren / Körper: aufklappbares Waffeleisen auf 4 Stummelbeinen / Accessoire: Sirupflaschen-Rucksack,H1,K1,A1,19.2,144,800,1.0,"Waffel-Wurf: Einzelziel, 1,2x ATK",Waffel-Leib: Einkommen +20 %,Sirup-Zins: +10 % Münzen aus Wellen,"Klapp-Hüpfer: Körper-Squash 0,85/1,15 Y alle 0,6 s, Ohren wippen",Knusper-Klick + hohes Fiepen; Name per Kokoro-TTS gesungen,"Blauer Ring-Burst + Glocken-Arpeggio, leichter Kamera-Push (900 ms)",Sumpf-/Wüsten-/Disko-Ei
B04,Kristawaffel,Basis (Ei),,1,Waffelino,Episch,#B056FF,Kristall,"Waffeleisen-Maus (Verdiener); Form Kristall: Kristall-Fresnel, halbtransparent",Kopf: Mauskopf mit Waffel-Ohren / Körper: aufklappbares Waffeleisen auf 4 Stummelbeinen / Accessoire: Sirupflaschen-Rucksack,H1,K1,A1,84.0,630,3500,1.0,"Waffel-Wurf: Einzelziel, 1,2x ATK",Waffel-Leib: Einkommen +20 %,Sirup-Zins: +10 % Münzen aus Wellen,"Klapp-Hüpfer: Körper-Squash 0,85/1,15 Y alle 0,6 s, Ohren wippen",Knusper-Klick + hohes Fiepen; Name per Kokoro-TTS gesungen,"Lila Wirbel, Ei bekommt Risse in 3 Stufen, Trommelwirbel (1.400 ms)",Wüsten-/Disko-/Gewitter-Ei
B05,Re Waffelissimo,Basis (Ei),,1,Waffelino,Legendär,#FFB319,Königlich,Waffeleisen-Maus (Verdiener); Form Königlich: Gold + schwebende Krone (VFX),Kopf: Mauskopf mit Waffel-Ohren / Körper: aufklappbares Waffeleisen auf 4 Stummelbeinen / Accessoire: Sirupflaschen-Rucksack,H1,K1,A1,384.0,2880,16000,1.0,"Waffel-Wurf: Einzelziel, 1,2x ATK",Waffel-Leib: Einkommen +20 %,Sirup-Zins: +10 % Münzen aus Wellen,"Klapp-Hüpfer: Körper-Squash 0,85/1,15 Y alle 0,6 s, Ohren wippen",Knusper-Klick + hohes Fiepen; Name per Kokoro-TTS gesungen,"Goldener Lichtstrahl, 0,5 s Zeitlupe, Fanfare, Server-Toast (2.200 ms)",Disko-/Gewitter-/Kosmos-Ei (+Fusion)
B06,Frogurko,Basis (Ei),,2,Frogurko,Gewöhnlich,#B8C2CC,Klassik,Gurkenglas-Frosch (Gift); Form Klassik: mattes Plastik,Kopf: Frosch-Gurkenkopf mit Glubschaugen / Körper: Einmachglas mit Froschbeinen / Accessoire: Dill-Krone,H2,K2,A2,1.0,8,55,1.2,Essig-Spritzer: Gift 3 s (40 % ATK/s),Glas-Leib: Angriffstempo +20 %,Dill-Duft: Gift hält +2 s,"Frosch-Sprung: Hop 40 cm alle 1,4 s, Glas wackelt (Roll ±6°)",Quaken + Glas-Plopp; Name per Kokoro-TTS gesungen,"Staubwölkchen weiß, 1 Pling (400 ms)",Wiesen-/Sumpf-Ei
B07,Frogurchetto,Basis (Ei),,2,Frogurko,Ungewöhnlich,#5BD45B,Neon,Gurkenglas-Frosch (Gift); Form Neon: Neon-Emissive-Kanten,Kopf: Frosch-Gurkenkopf mit Glubschaugen / Körper: Einmachglas mit Froschbeinen / Accessoire: Dill-Krone,H2,K2,A2,4.0,32,220,1.2,Essig-Spritzer: Gift 3 s (40 % ATK/s),Glas-Leib: Angriffstempo +20 %,Dill-Duft: Gift hält +2 s,"Frosch-Sprung: Hop 40 cm alle 1,4 s, Glas wackelt (Roll ±6°)",Quaken + Glas-Plopp; Name per Kokoro-TTS gesungen,Grüner Konfetti-Puff + Doppel-Pling (600 ms),Wiesen-/Sumpf-/Wüsten-Ei
B08,Frogoldurko,Basis (Ei),,2,Frogurko,Selten,#3AA0FF,Gold,Gurkenglas-Frosch (Gift); Form Gold: Gold-Metallic,Kopf: Frosch-Gurkenkopf mit Glubschaugen / Körper: Einmachglas mit Froschbeinen / Accessoire: Dill-Krone,H2,K2,A2,16.0,128,880,1.2,Essig-Spritzer: Gift 3 s (40 % ATK/s),Glas-Leib: Angriffstempo +20 %,Dill-Duft: Gift hält +2 s,"Frosch-Sprung: Hop 40 cm alle 1,4 s, Glas wackelt (Roll ±6°)",Quaken + Glas-Plopp; Name per Kokoro-TTS gesungen,"Blauer Ring-Burst + Glocken-Arpeggio, leichter Kamera-Push (900 ms)",Sumpf-/Wüsten-/Disko-Ei
B09,Kristagurko,Basis (Ei),,2,Frogurko,Episch,#B056FF,Kristall,"Gurkenglas-Frosch (Gift); Form Kristall: Kristall-Fresnel, halbtransparent",Kopf: Frosch-Gurkenkopf mit Glubschaugen / Körper: Einmachglas mit Froschbeinen / Accessoire: Dill-Krone,H2,K2,A2,70.0,560,3850,1.2,Essig-Spritzer: Gift 3 s (40 % ATK/s),Glas-Leib: Angriffstempo +20 %,Dill-Duft: Gift hält +2 s,"Frosch-Sprung: Hop 40 cm alle 1,4 s, Glas wackelt (Roll ±6°)",Quaken + Glas-Plopp; Name per Kokoro-TTS gesungen,"Lila Wirbel, Ei bekommt Risse in 3 Stufen, Trommelwirbel (1.400 ms)",Wüsten-/Disko-/Gewitter-Ei
B10,Gurkönig Frogurkone,Basis (Ei),,2,Frogurko,Legendär,#FFB319,Königlich,Gurkenglas-Frosch (Gift); Form Königlich: Gold + schwebende Krone (VFX),Kopf: Frosch-Gurkenkopf mit Glubschaugen / Körper: Einmachglas mit Froschbeinen / Accessoire: Dill-Krone,H2,K2,A2,320.0,2560,17600,1.2,Essig-Spritzer: Gift 3 s (40 % ATK/s),Glas-Leib: Angriffstempo +20 %,Dill-Duft: Gift hält +2 s,"Frosch-Sprung: Hop 40 cm alle 1,4 s, Glas wackelt (Roll ±6°)",Quaken + Glas-Plopp; Name per Kokoro-TTS gesungen,"Goldener Lichtstrahl, 0,5 s Zeitlupe, Fanfare, Server-Toast (2.200 ms)",Disko-/Gewitter-/Kosmos-Ei (+Fusion)
B11,Idrantoro,Basis (Ei),,3,Idrantoro,Gewöhnlich,#B8C2CC,Klassik,Hydranten-Stier (Tank); Form Klassik: mattes Plastik,"Kopf: Stierkopf mit Ventil-Hörnern / Körper: roter Hydranten-Rumpf, kurze Hufe / Accessoire: Feuerwehrschlauch-Schal",H3,K3,A3,0.85,7,80,0.8,"Wasser-Ansturm: Stoß + 0,5 s Betäubung",Hydranten-Leib: HP +60 %,Druckventil: 15 % Schaden zurück,Stampf-Idle: 2 Stampfer + Dampfwolke alle 3 s,Tiefes Muhen + Zisch-Ventil; Name per Kokoro-TTS gesungen,"Staubwölkchen weiß, 1 Pling (400 ms)",Wiesen-/Sumpf-Ei
B12,Idrantorino,Basis (Ei),,3,Idrantoro,Ungewöhnlich,#5BD45B,Neon,Hydranten-Stier (Tank); Form Neon: Neon-Emissive-Kanten,"Kopf: Stierkopf mit Ventil-Hörnern / Körper: roter Hydranten-Rumpf, kurze Hufe / Accessoire: Feuerwehrschlauch-Schal",H3,K3,A3,3.4,28,320,0.8,"Wasser-Ansturm: Stoß + 0,5 s Betäubung",Hydranten-Leib: HP +60 %,Druckventil: 15 % Schaden zurück,Stampf-Idle: 2 Stampfer + Dampfwolke alle 3 s,Tiefes Muhen + Zisch-Ventil; Name per Kokoro-TTS gesungen,Grüner Konfetti-Puff + Doppel-Pling (600 ms),Wiesen-/Sumpf-/Wüsten-Ei
B13,Idrantoro Dorado,Basis (Ei),,3,Idrantoro,Selten,#3AA0FF,Gold,Hydranten-Stier (Tank); Form Gold: Gold-Metallic,"Kopf: Stierkopf mit Ventil-Hörnern / Körper: roter Hydranten-Rumpf, kurze Hufe / Accessoire: Feuerwehrschlauch-Schal",H3,K3,A3,13.6,112,1280,0.8,"Wasser-Ansturm: Stoß + 0,5 s Betäubung",Hydranten-Leib: HP +60 %,Druckventil: 15 % Schaden zurück,Stampf-Idle: 2 Stampfer + Dampfwolke alle 3 s,Tiefes Muhen + Zisch-Ventil; Name per Kokoro-TTS gesungen,"Blauer Ring-Burst + Glocken-Arpeggio, leichter Kamera-Push (900 ms)",Sumpf-/Wüsten-/Disko-Ei
B14,Kristidranto,Basis (Ei),,3,Idrantoro,Episch,#B056FF,Kristall,"Hydranten-Stier (Tank); Form Kristall: Kristall-Fresnel, halbtransparent","Kopf: Stierkopf mit Ventil-Hörnern / Körper: roter Hydranten-Rumpf, kurze Hufe / Accessoire: Feuerwehrschlauch-Schal",H3,K3,A3,59.5,490,5600,0.8,"Wasser-Ansturm: Stoß + 0,5 s Betäubung",Hydranten-Leib: HP +60 %,Druckventil: 15 % Schaden zurück,Stampf-Idle: 2 Stampfer + Dampfwolke alle 3 s,Tiefes Muhen + Zisch-Ventil; Name per Kokoro-TTS gesungen,"Lila Wirbel, Ei bekommt Risse in 3 Stufen, Trommelwirbel (1.400 ms)",Wüsten-/Disko-/Gewitter-Ei
B15,Imperatoro Idrante,Basis (Ei),,3,Idrantoro,Legendär,#FFB319,Königlich,Hydranten-Stier (Tank); Form Königlich: Gold + schwebende Krone (VFX),"Kopf: Stierkopf mit Ventil-Hörnern / Körper: roter Hydranten-Rumpf, kurze Hufe / Accessoire: Feuerwehrschlauch-Schal",H3,K3,A3,272.0,2240,25600,0.8,"Wasser-Ansturm: Stoß + 0,5 s Betäubung",Hydranten-Leib: HP +60 %,Druckventil: 15 % Schaden zurück,Stampf-Idle: 2 Stampfer + Dampfwolke alle 3 s,Tiefes Muhen + Zisch-Ventil; Name per Kokoro-TTS gesungen,"Goldener Lichtstrahl, 0,5 s Zeitlupe, Fanfare, Server-Toast (2.200 ms)",Disko-/Gewitter-/Kosmos-Ei (+Fusion)
B16,Tagliatakel,Basis (Ei),,4,Tagliatakel,Gewöhnlich,#B8C2CC,Klassik,Nudel-Oktopus (Mehrfachtreffer); Form Klassik: mattes Plastik,Kopf: Oktopuskopf mit Nudelnest-Frisur / Körper: Pastateller-Mantel mit 8 Nudelarmen / Accessoire: Fleischbällchen-Kette,H4,K4,A4,1.0,8,50,1.4,"Nudel-Wirbel: 3 Ziele, je 0,5x ATK",Teller-Leib: Angriffstempo +40 %,Bällchen-Kette: +1 Ziel,"Wabbel-Idle: Körper-Scale-Puls 1,0/1,08, Kette rotiert 30°/s",Schlürfen + Blubb; Name per Kokoro-TTS gesungen,"Staubwölkchen weiß, 1 Pling (400 ms)",Wiesen-/Sumpf-Ei
B17,Tagliatakelino,Basis (Ei),,4,Tagliatakel,Ungewöhnlich,#5BD45B,Neon,Nudel-Oktopus (Mehrfachtreffer); Form Neon: Neon-Emissive-Kanten,Kopf: Oktopuskopf mit Nudelnest-Frisur / Körper: Pastateller-Mantel mit 8 Nudelarmen / Accessoire: Fleischbällchen-Kette,H4,K4,A4,4.0,30,200,1.4,"Nudel-Wirbel: 3 Ziele, je 0,5x ATK",Teller-Leib: Angriffstempo +40 %,Bällchen-Kette: +1 Ziel,"Wabbel-Idle: Körper-Scale-Puls 1,0/1,08, Kette rotiert 30°/s",Schlürfen + Blubb; Name per Kokoro-TTS gesungen,Grüner Konfetti-Puff + Doppel-Pling (600 ms),Wiesen-/Sumpf-/Wüsten-Ei
B18,Tagliatakel d'Oro,Basis (Ei),,4,Tagliatakel,Selten,#3AA0FF,Gold,Nudel-Oktopus (Mehrfachtreffer); Form Gold: Gold-Metallic,Kopf: Oktopuskopf mit Nudelnest-Frisur / Körper: Pastateller-Mantel mit 8 Nudelarmen / Accessoire: Fleischbällchen-Kette,H4,K4,A4,16.0,120,800,1.4,"Nudel-Wirbel: 3 Ziele, je 0,5x ATK",Teller-Leib: Angriffstempo +40 %,Bällchen-Kette: +1 Ziel,"Wabbel-Idle: Körper-Scale-Puls 1,0/1,08, Kette rotiert 30°/s",Schlürfen + Blubb; Name per Kokoro-TTS gesungen,"Blauer Ring-Burst + Glocken-Arpeggio, leichter Kamera-Push (900 ms)",Sumpf-/Wüsten-/Disko-Ei
B19,Kristallotakel,Basis (Ei),,4,Tagliatakel,Episch,#B056FF,Kristall,"Nudel-Oktopus (Mehrfachtreffer); Form Kristall: Kristall-Fresnel, halbtransparent",Kopf: Oktopuskopf mit Nudelnest-Frisur / Körper: Pastateller-Mantel mit 8 Nudelarmen / Accessoire: Fleischbällchen-Kette,H4,K4,A4,70.0,525,3500,1.4,"Nudel-Wirbel: 3 Ziele, je 0,5x ATK",Teller-Leib: Angriffstempo +40 %,Bällchen-Kette: +1 Ziel,"Wabbel-Idle: Körper-Scale-Puls 1,0/1,08, Kette rotiert 30°/s",Schlürfen + Blubb; Name per Kokoro-TTS gesungen,"Lila Wirbel, Ei bekommt Risse in 3 Stufen, Trommelwirbel (1.400 ms)",Wüsten-/Disko-/Gewitter-Ei
B20,Mamma Tagliatella,Basis (Ei),,4,Tagliatakel,Legendär,#FFB319,Königlich,Nudel-Oktopus (Mehrfachtreffer); Form Königlich: Gold + schwebende Krone (VFX),Kopf: Oktopuskopf mit Nudelnest-Frisur / Körper: Pastateller-Mantel mit 8 Nudelarmen / Accessoire: Fleischbällchen-Kette,H4,K4,A4,320.0,2400,16000,1.4,"Nudel-Wirbel: 3 Ziele, je 0,5x ATK",Teller-Leib: Angriffstempo +40 %,Bällchen-Kette: +1 Ziel,"Wabbel-Idle: Körper-Scale-Puls 1,0/1,08, Kette rotiert 30°/s",Schlürfen + Blubb; Name per Kokoro-TTS gesungen,"Goldener Lichtstrahl, 0,5 s Zeitlupe, Fanfare, Server-Toast (2.200 ms)",Disko-/Gewitter-/Kosmos-Ei (+Fusion)
B21,Diskolama,Basis (Ei),,5,Diskolama,Gewöhnlich,#B8C2CC,Klassik,Discokugel-Lama (Support); Form Klassik: mattes Plastik,Kopf: Lamakopf mit Discokugel-Wuschel / Körper: verspiegelter Wollkörper / Accessoire: Plateau-Sonnenbrille,H5,K5,A5,0.9,6,50,1.0,Glitzer-Spucke: Team-ATK +15 % für 5 s,Spiegel-Leib: ausgewogen,Plateau-Groove: Hype-Fenster +20 % breiter,"Kopfnicken im 120-BPM-Takt, Kugel dreht 45°/s",Lama-Summen + Disco-Pling; Name per Kokoro-TTS gesungen,"Staubwölkchen weiß, 1 Pling (400 ms)",Wiesen-/Sumpf-Ei
B22,Diskolamina,Basis (Ei),,5,Diskolama,Ungewöhnlich,#5BD45B,Neon,Discokugel-Lama (Support); Form Neon: Neon-Emissive-Kanten,Kopf: Lamakopf mit Discokugel-Wuschel / Körper: verspiegelter Wollkörper / Accessoire: Plateau-Sonnenbrille,H5,K5,A5,3.6,24,200,1.0,Glitzer-Spucke: Team-ATK +15 % für 5 s,Spiegel-Leib: ausgewogen,Plateau-Groove: Hype-Fenster +20 % breiter,"Kopfnicken im 120-BPM-Takt, Kugel dreht 45°/s",Lama-Summen + Disco-Pling; Name per Kokoro-TTS gesungen,Grüner Konfetti-Puff + Doppel-Pling (600 ms),Wiesen-/Sumpf-/Wüsten-Ei
B23,Goldiskolama,Basis (Ei),,5,Diskolama,Selten,#3AA0FF,Gold,Discokugel-Lama (Support); Form Gold: Gold-Metallic,Kopf: Lamakopf mit Discokugel-Wuschel / Körper: verspiegelter Wollkörper / Accessoire: Plateau-Sonnenbrille,H5,K5,A5,14.4,96,800,1.0,Glitzer-Spucke: Team-ATK +15 % für 5 s,Spiegel-Leib: ausgewogen,Plateau-Groove: Hype-Fenster +20 % breiter,"Kopfnicken im 120-BPM-Takt, Kugel dreht 45°/s",Lama-Summen + Disco-Pling; Name per Kokoro-TTS gesungen,"Blauer Ring-Burst + Glocken-Arpeggio, leichter Kamera-Push (900 ms)",Sumpf-/Wüsten-/Disko-Ei
B24,Kristallama,Basis (Ei),,5,Diskolama,Episch,#B056FF,Kristall,"Discokugel-Lama (Support); Form Kristall: Kristall-Fresnel, halbtransparent",Kopf: Lamakopf mit Discokugel-Wuschel / Körper: verspiegelter Wollkörper / Accessoire: Plateau-Sonnenbrille,H5,K5,A5,63.0,420,3500,1.0,Glitzer-Spucke: Team-ATK +15 % für 5 s,Spiegel-Leib: ausgewogen,Plateau-Groove: Hype-Fenster +20 % breiter,"Kopfnicken im 120-BPM-Takt, Kugel dreht 45°/s",Lama-Summen + Disco-Pling; Name per Kokoro-TTS gesungen,"Lila Wirbel, Ei bekommt Risse in 3 Stufen, Trommelwirbel (1.400 ms)",Wüsten-/Disko-/Gewitter-Ei
B25,Diskolama Mythica,Basis (Ei),,5,Diskolama,Mythisch,#FF3D6E,Mythisch,Discokugel-Lama (Support); Form Mythisch: Pink-Aura + Partikelschweif,Kopf: Lamakopf mit Discokugel-Wuschel / Körper: verspiegelter Wollkörper / Accessoire: Plateau-Sonnenbrille,H5,K5,A5,1350.0,9000,75000,1.0,Glitzer-Spucke: Team-ATK +15 % für 5 s,Spiegel-Leib: ausgewogen,Plateau-Groove: Hype-Fenster +20 % breiter,"Kopfnicken im 120-BPM-Takt, Kugel dreht 45°/s",Lama-Summen + Disco-Pling; Name per Kokoro-TTS gesungen,"Pinke Schockwelle über den Plot, Chor-Akkord, Server-Toast + Name per TTS (2.800 ms)",Disko-(1 %)/Gewitter-/Kosmos-Ei (+Fusion)
B26,Razzopingu,Basis (Ei),,6,Razzopingu,Gewöhnlich,#B8C2CC,Klassik,Raketen-Pinguin (Burst); Form Klassik: mattes Plastik,Kopf: Pinguinkopf mit Pilotenbrille / Körper: Raketenrumpf im Frack / Accessoire: Düsen-Fliege,H6,K6,A6,0.95,13,40,0.9,Raketen-Rutscher: 25 % Krit-Chance,Raketen-Leib: ATK +30 %,Nachbrenner: Krit-Schaden +50 %,Watschel-Idle (Roll ±8°) + Mini-Raketenhüpfer alle 4 s,Tröt + Zünd-Fauchen; Name per Kokoro-TTS gesungen,"Staubwölkchen weiß, 1 Pling (400 ms)",Wiesen-/Sumpf-Ei
B27,Razzopinguino,Basis (Ei),,6,Razzopingu,Ungewöhnlich,#5BD45B,Neon,Raketen-Pinguin (Burst); Form Neon: Neon-Emissive-Kanten,Kopf: Pinguinkopf mit Pilotenbrille / Körper: Raketenrumpf im Frack / Accessoire: Düsen-Fliege,H6,K6,A6,3.8,52,160,0.9,Raketen-Rutscher: 25 % Krit-Chance,Raketen-Leib: ATK +30 %,Nachbrenner: Krit-Schaden +50 %,Watschel-Idle (Roll ±8°) + Mini-Raketenhüpfer alle 4 s,Tröt + Zünd-Fauchen; Name per Kokoro-TTS gesungen,Grüner Konfetti-Puff + Doppel-Pling (600 ms),Wiesen-/Sumpf-/Wüsten-Ei
B28,Razzoro,Basis (Ei),,6,Razzopingu,Selten,#3AA0FF,Gold,Raketen-Pinguin (Burst); Form Gold: Gold-Metallic,Kopf: Pinguinkopf mit Pilotenbrille / Körper: Raketenrumpf im Frack / Accessoire: Düsen-Fliege,H6,K6,A6,15.2,208,640,0.9,Raketen-Rutscher: 25 % Krit-Chance,Raketen-Leib: ATK +30 %,Nachbrenner: Krit-Schaden +50 %,Watschel-Idle (Roll ±8°) + Mini-Raketenhüpfer alle 4 s,Tröt + Zünd-Fauchen; Name per Kokoro-TTS gesungen,"Blauer Ring-Burst + Glocken-Arpeggio, leichter Kamera-Push (900 ms)",Sumpf-/Wüsten-/Disko-Ei
B29,Kristazzo,Basis (Ei),,6,Razzopingu,Episch,#B056FF,Kristall,"Raketen-Pinguin (Burst); Form Kristall: Kristall-Fresnel, halbtransparent",Kopf: Pinguinkopf mit Pilotenbrille / Körper: Raketenrumpf im Frack / Accessoire: Düsen-Fliege,H6,K6,A6,66.5,910,2800,0.9,Raketen-Rutscher: 25 % Krit-Chance,Raketen-Leib: ATK +30 %,Nachbrenner: Krit-Schaden +50 %,Watschel-Idle (Roll ±8°) + Mini-Raketenhüpfer alle 4 s,Tröt + Zünd-Fauchen; Name per Kokoro-TTS gesungen,"Lila Wirbel, Ei bekommt Risse in 3 Stufen, Trommelwirbel (1.400 ms)",Wüsten-/Disko-/Gewitter-Ei
B30,Razzopingu Supremo,Basis (Ei),,6,Razzopingu,Mythisch,#FF3D6E,Mythisch,Raketen-Pinguin (Burst); Form Mythisch: Pink-Aura + Partikelschweif,Kopf: Pinguinkopf mit Pilotenbrille / Körper: Raketenrumpf im Frack / Accessoire: Düsen-Fliege,H6,K6,A6,1425.0,19500,60000,0.9,Raketen-Rutscher: 25 % Krit-Chance,Raketen-Leib: ATK +30 %,Nachbrenner: Krit-Schaden +50 %,Watschel-Idle (Roll ±8°) + Mini-Raketenhüpfer alle 4 s,Tröt + Zünd-Fauchen; Name per Kokoro-TTS gesungen,"Pinke Schockwelle über den Plot, Chor-Akkord, Server-Toast + Name per TTS (2.800 ms)",Disko-(1 %)/Gewitter-/Kosmos-Ei (+Fusion)
B31,Wolkowal,Basis (Ei),,7,Wolkowal,Gewöhnlich,#B8C2CC,Klassik,Gewitterwolken-Wal (Flächenschaden); Form Klassik: mattes Plastik,Kopf: Walkopf aus Sturmwolke / Körper: Wolkenleib mit Regen-Schleier / Accessoire: Regenbogen-Schirm,H7,K7,A7,1.05,10,55,0.7,Donner-Blas: Kettenblitz auf 4 Ziele,Nebel-Leib: 10 % Ausweichen,Farbschild: Boss-Schaden +20 %,"Schwebe-Bob: Sinus 25 cm / 2,4 s, langsames Rollen",Walgesang + fernes Donnergrollen; Name per Kokoro-TTS gesungen,"Staubwölkchen weiß, 1 Pling (400 ms)",Wiesen-/Sumpf-Ei
B32,Wolkowalino,Basis (Ei),,7,Wolkowal,Ungewöhnlich,#5BD45B,Neon,Gewitterwolken-Wal (Flächenschaden); Form Neon: Neon-Emissive-Kanten,Kopf: Walkopf aus Sturmwolke / Körper: Wolkenleib mit Regen-Schleier / Accessoire: Regenbogen-Schirm,H7,K7,A7,4.2,40,220,0.7,Donner-Blas: Kettenblitz auf 4 Ziele,Nebel-Leib: 10 % Ausweichen,Farbschild: Boss-Schaden +20 %,"Schwebe-Bob: Sinus 25 cm / 2,4 s, langsames Rollen",Walgesang + fernes Donnergrollen; Name per Kokoro-TTS gesungen,Grüner Konfetti-Puff + Doppel-Pling (600 ms),Wiesen-/Sumpf-/Wüsten-Ei
B33,Wolkoro,Basis (Ei),,7,Wolkowal,Selten,#3AA0FF,Gold,Gewitterwolken-Wal (Flächenschaden); Form Gold: Gold-Metallic,Kopf: Walkopf aus Sturmwolke / Körper: Wolkenleib mit Regen-Schleier / Accessoire: Regenbogen-Schirm,H7,K7,A7,16.8,160,880,0.7,Donner-Blas: Kettenblitz auf 4 Ziele,Nebel-Leib: 10 % Ausweichen,Farbschild: Boss-Schaden +20 %,"Schwebe-Bob: Sinus 25 cm / 2,4 s, langsames Rollen",Walgesang + fernes Donnergrollen; Name per Kokoro-TTS gesungen,"Blauer Ring-Burst + Glocken-Arpeggio, leichter Kamera-Push (900 ms)",Sumpf-/Wüsten-/Disko-Ei
B34,Kristallwal,Basis (Ei),,7,Wolkowal,Episch,#B056FF,Kristall,"Gewitterwolken-Wal (Flächenschaden); Form Kristall: Kristall-Fresnel, halbtransparent",Kopf: Walkopf aus Sturmwolke / Körper: Wolkenleib mit Regen-Schleier / Accessoire: Regenbogen-Schirm,H7,K7,A7,73.5,700,3850,0.7,Donner-Blas: Kettenblitz auf 4 Ziele,Nebel-Leib: 10 % Ausweichen,Farbschild: Boss-Schaden +20 %,"Schwebe-Bob: Sinus 25 cm / 2,4 s, langsames Rollen",Walgesang + fernes Donnergrollen; Name per Kokoro-TTS gesungen,"Lila Wirbel, Ei bekommt Risse in 3 Stufen, Trommelwirbel (1.400 ms)",Wüsten-/Disko-/Gewitter-Ei
B35,Kosmowal Infinito,Basis (Ei),,7,Wolkowal,Geheim,#00E5FF>#FF3DF2,Kosmisch,"Gewitterwolken-Wal (Flächenschaden); Form Kosmisch: Kosmos-Shader (Sternenfeld-Panning), Halo",Kopf: Walkopf aus Sturmwolke / Körper: Wolkenleib mit Regen-Schleier / Accessoire: Regenbogen-Schirm,H7,K7,A7,7875.0,75000,412500,0.7,Donner-Blas: Kettenblitz auf 4 Ziele,Nebel-Leib: 10 % Ausweichen,Farbschild: Boss-Schaden +20 %,"Schwebe-Bob: Sinus 25 cm / 2,4 s, langsames Rollen",Walgesang + fernes Donnergrollen; Name per Kokoro-TTS gesungen,"Blackout 300 ms, kosmischer Wirbel, Bass-Drop, globales Banner für alle 16 Spieler (4.000 ms)","Gewitter-/Kosmos-/Urknall-Ei (0,01–0,5 %) oder Geheim-Rezept"
B36,Bzzkoffro,Basis (Ei),,8,Bzzkoffro,Gewöhnlich,#B8C2CC,Klassik,Koffer-Hummel (Beute); Form Klassik: mattes Plastik,Kopf: Hummelkopf mit Reisehut / Körper: Hartschalenkoffer mit Streifen / Accessoire: Zoll-Sticker-Flügel,H8,K8,A8,1.1,8,50,1.1,Souvenir-Stich: +25 % Drop-Chance beim Treffer,Koffer-Leib: Einkommen +10 %,Zoll-Sticker: +1 Kern pro Welle (15 %),Summ-Zittern 12 Hz ±1 cm + Flug-Bob 15 cm,Brummen + Reißverschluss-Zipp; Name per Kokoro-TTS gesungen,"Staubwölkchen weiß, 1 Pling (400 ms)",Wiesen-/Sumpf-Ei
B37,Bzzkoffrino,Basis (Ei),,8,Bzzkoffro,Ungewöhnlich,#5BD45B,Neon,Koffer-Hummel (Beute); Form Neon: Neon-Emissive-Kanten,Kopf: Hummelkopf mit Reisehut / Körper: Hartschalenkoffer mit Streifen / Accessoire: Zoll-Sticker-Flügel,H8,K8,A8,4.4,32,200,1.1,Souvenir-Stich: +25 % Drop-Chance beim Treffer,Koffer-Leib: Einkommen +10 %,Zoll-Sticker: +1 Kern pro Welle (15 %),Summ-Zittern 12 Hz ±1 cm + Flug-Bob 15 cm,Brummen + Reißverschluss-Zipp; Name per Kokoro-TTS gesungen,Grüner Konfetti-Puff + Doppel-Pling (600 ms),Wiesen-/Sumpf-/Wüsten-Ei
B38,Bzzoro Kofferone,Basis (Ei),,8,Bzzkoffro,Selten,#3AA0FF,Gold,Koffer-Hummel (Beute); Form Gold: Gold-Metallic,Kopf: Hummelkopf mit Reisehut / Körper: Hartschalenkoffer mit Streifen / Accessoire: Zoll-Sticker-Flügel,H8,K8,A8,17.6,128,800,1.1,Souvenir-Stich: +25 % Drop-Chance beim Treffer,Koffer-Leib: Einkommen +10 %,Zoll-Sticker: +1 Kern pro Welle (15 %),Summ-Zittern 12 Hz ±1 cm + Flug-Bob 15 cm,Brummen + Reißverschluss-Zipp; Name per Kokoro-TTS gesungen,"Blauer Ring-Burst + Glocken-Arpeggio, leichter Kamera-Push (900 ms)",Sumpf-/Wüsten-/Disko-Ei
B39,Kristabzz,Basis (Ei),,8,Bzzkoffro,Episch,#B056FF,Kristall,"Koffer-Hummel (Beute); Form Kristall: Kristall-Fresnel, halbtransparent",Kopf: Hummelkopf mit Reisehut / Körper: Hartschalenkoffer mit Streifen / Accessoire: Zoll-Sticker-Flügel,H8,K8,A8,77.0,560,3500,1.1,Souvenir-Stich: +25 % Drop-Chance beim Treffer,Koffer-Leib: Einkommen +10 %,Zoll-Sticker: +1 Kern pro Welle (15 %),Summ-Zittern 12 Hz ±1 cm + Flug-Bob 15 cm,Brummen + Reißverschluss-Zipp; Name per Kokoro-TTS gesungen,"Lila Wirbel, Ei bekommt Risse in 3 Stufen, Trommelwirbel (1.400 ms)",Wüsten-/Disko-/Gewitter-Ei
B40,Galaktikoffro,Basis (Ei),,8,Bzzkoffro,Geheim,#00E5FF>#FF3DF2,Kosmisch,"Koffer-Hummel (Beute); Form Kosmisch: Kosmos-Shader (Sternenfeld-Panning), Halo",Kopf: Hummelkopf mit Reisehut / Körper: Hartschalenkoffer mit Streifen / Accessoire: Zoll-Sticker-Flügel,H8,K8,A8,8250.0,60000,375000,1.1,Souvenir-Stich: +25 % Drop-Chance beim Treffer,Koffer-Leib: Einkommen +10 %,Zoll-Sticker: +1 Kern pro Welle (15 %),Summ-Zittern 12 Hz ±1 cm + Flug-Bob 15 cm,Brummen + Reißverschluss-Zipp; Name per Kokoro-TTS gesungen,"Blackout 300 ms, kosmischer Wirbel, Bass-Drop, globales Banner für alle 16 Spieler (4.000 ms)","Gewitter-/Kosmos-/Urknall-Ei (0,01–0,5 %) oder Geheim-Rezept"
E1-01,Gründer-Waffelino,"Event (Event-Ei, gratis)",W1 10.–16.12.2026,1,Waffelino,Selten,#3AA0FF,Gründer,Waffeleisen-Maus; Launch: goldene Schlüpf-Banderole,wie Waffelino + Event-Material-Instanz,H1,K1,A1,19.2,144,800,1.0,"Waffel-Wurf: Einzelziel, 1,2x ATK",Waffel-Leib: Einkommen +20 %,Sirup-Zins: +10 % Münzen aus Wellen,"Klapp-Hüpfer: Körper-Squash 0,85/1,15 Y alle 0,6 s, Ohren wippen",Knusper-Klick + hohes Fiepen + Event-Glöckchen-Layer,"Blauer Ring-Burst + Glocken-Arpeggio, leichter Kamera-Push (900 ms) + Event-Farbton","Event-Ei W1 (Event-Tokens), bleibt danach im Index sichtbar"
E1-02,Gründer-Frogurko,"Event (Event-Ei, gratis)",W1 10.–16.12.2026,2,Frogurko,Selten,#3AA0FF,Gründer,Gurkenglas-Frosch; Launch: goldene Schlüpf-Banderole,wie Frogurko + Event-Material-Instanz,H2,K2,A2,16.0,128,880,1.2,Essig-Spritzer: Gift 3 s (40 % ATK/s),Glas-Leib: Angriffstempo +20 %,Dill-Duft: Gift hält +2 s,"Frosch-Sprung: Hop 40 cm alle 1,4 s, Glas wackelt (Roll ±6°)",Quaken + Glas-Plopp + Event-Glöckchen-Layer,"Blauer Ring-Burst + Glocken-Arpeggio, leichter Kamera-Push (900 ms) + Event-Farbton","Event-Ei W1 (Event-Tokens), bleibt danach im Index sichtbar"
E1-03,Gründer-Diskolama,"Event (Event-Ei, gratis)",W1 10.–16.12.2026,5,Diskolama,Episch,#B056FF,Gründer,Discokugel-Lama; Launch: goldene Schlüpf-Banderole,wie Diskolama + Event-Material-Instanz,H5,K5,A5,63.0,420,3500,1.0,Glitzer-Spucke: Team-ATK +15 % für 5 s,Spiegel-Leib: ausgewogen,Plateau-Groove: Hype-Fenster +20 % breiter,"Kopfnicken im 120-BPM-Takt, Kugel dreht 45°/s",Lama-Summen + Disco-Pling + Event-Glöckchen-Layer,"Lila Wirbel, Ei bekommt Risse in 3 Stufen, Trommelwirbel (1.400 ms) + Event-Farbton","Event-Ei W1 (Event-Tokens), bleibt danach im Index sichtbar"
E1-04,Gründer-Razzopingu,"Event (Event-Ei, gratis)",W1 10.–16.12.2026,6,Razzopingu,Episch,#B056FF,Gründer,Raketen-Pinguin; Launch: goldene Schlüpf-Banderole,wie Razzopingu + Event-Material-Instanz,H6,K6,A6,66.5,910,2800,0.9,Raketen-Rutscher: 25 % Krit-Chance,Raketen-Leib: ATK +30 %,Nachbrenner: Krit-Schaden +50 %,Watschel-Idle (Roll ±8°) + Mini-Raketenhüpfer alle 4 s,Tröt + Zünd-Fauchen + Event-Glöckchen-Layer,"Lila Wirbel, Ei bekommt Risse in 3 Stufen, Trommelwirbel (1.400 ms) + Event-Farbton","Event-Ei W1 (Event-Tokens), bleibt danach im Index sichtbar"
E1-05,Gründer-Bzzkoffro,"Event (Event-Ei, gratis)",W1 10.–16.12.2026,8,Bzzkoffro,Legendär,#FFB319,Gründer,Koffer-Hummel; Launch: goldene Schlüpf-Banderole,wie Bzzkoffro + Event-Material-Instanz,H8,K8,A8,352.0,2560,16000,1.1,Souvenir-Stich: +25 % Drop-Chance beim Treffer,Koffer-Leib: Einkommen +10 %,Zoll-Sticker: +1 Kern pro Welle (15 %),Summ-Zittern 12 Hz ±1 cm + Flug-Bob 15 cm,Brummen + Reißverschluss-Zipp + Event-Glöckchen-Layer,"Goldener Lichtstrahl, 0,5 s Zeitlupe, Fanfare, Server-Toast (2.200 ms) + Event-Farbton","Event-Ei W1 (Event-Tokens), bleibt danach im Index sichtbar"
E2-06,Frosti-Idrantoro,"Event (Event-Ei, gratis)",W2 17.–23.12.2026,3,Idrantoro,Selten,#3AA0FF,Frosti,"Hydranten-Stier; Winterfest I: Eis-Kristall-Shader, Schneeflocken-VFX",wie Idrantoro + Event-Material-Instanz,H3,K3,A3,13.6,112,1280,0.8,"Wasser-Ansturm: Stoß + 0,5 s Betäubung",Hydranten-Leib: HP +60 %,Druckventil: 15 % Schaden zurück,Stampf-Idle: 2 Stampfer + Dampfwolke alle 3 s,Tiefes Muhen + Zisch-Ventil + Event-Glöckchen-Layer,"Blauer Ring-Burst + Glocken-Arpeggio, leichter Kamera-Push (900 ms) + Event-Farbton","Event-Ei W2 (Event-Tokens), bleibt danach im Index sichtbar"
E2-07,Frosti-Tagliatakel,"Event (Event-Ei, gratis)",W2 17.–23.12.2026,4,Tagliatakel,Selten,#3AA0FF,Frosti,"Nudel-Oktopus; Winterfest I: Eis-Kristall-Shader, Schneeflocken-VFX",wie Tagliatakel + Event-Material-Instanz,H4,K4,A4,16.0,120,800,1.4,"Nudel-Wirbel: 3 Ziele, je 0,5x ATK",Teller-Leib: Angriffstempo +40 %,Bällchen-Kette: +1 Ziel,"Wabbel-Idle: Körper-Scale-Puls 1,0/1,08, Kette rotiert 30°/s",Schlürfen + Blubb + Event-Glöckchen-Layer,"Blauer Ring-Burst + Glocken-Arpeggio, leichter Kamera-Push (900 ms) + Event-Farbton","Event-Ei W2 (Event-Tokens), bleibt danach im Index sichtbar"
E2-08,Frosti-Wolkowal,"Event (Event-Ei, gratis)",W2 17.–23.12.2026,7,Wolkowal,Episch,#B056FF,Frosti,"Gewitterwolken-Wal; Winterfest I: Eis-Kristall-Shader, Schneeflocken-VFX",wie Wolkowal + Event-Material-Instanz,H7,K7,A7,73.5,700,3850,0.7,Donner-Blas: Kettenblitz auf 4 Ziele,Nebel-Leib: 10 % Ausweichen,Farbschild: Boss-Schaden +20 %,"Schwebe-Bob: Sinus 25 cm / 2,4 s, langsames Rollen",Walgesang + fernes Donnergrollen + Event-Glöckchen-Layer,"Lila Wirbel, Ei bekommt Risse in 3 Stufen, Trommelwirbel (1.400 ms) + Event-Farbton","Event-Ei W2 (Event-Tokens), bleibt danach im Index sichtbar"
E2-09,Frosti-Waffelino,"Event (Event-Ei, gratis)",W2 17.–23.12.2026,1,Waffelino,Episch,#B056FF,Frosti,"Waffeleisen-Maus; Winterfest I: Eis-Kristall-Shader, Schneeflocken-VFX",wie Waffelino + Event-Material-Instanz,H1,K1,A1,84.0,630,3500,1.0,"Waffel-Wurf: Einzelziel, 1,2x ATK",Waffel-Leib: Einkommen +20 %,Sirup-Zins: +10 % Münzen aus Wellen,"Klapp-Hüpfer: Körper-Squash 0,85/1,15 Y alle 0,6 s, Ohren wippen",Knusper-Klick + hohes Fiepen + Event-Glöckchen-Layer,"Lila Wirbel, Ei bekommt Risse in 3 Stufen, Trommelwirbel (1.400 ms) + Event-Farbton","Event-Ei W2 (Event-Tokens), bleibt danach im Index sichtbar"
E2-10,Frosti-Diskolama,"Event (Event-Ei, gratis)",W2 17.–23.12.2026,5,Diskolama,Legendär,#FFB319,Frosti,"Discokugel-Lama; Winterfest I: Eis-Kristall-Shader, Schneeflocken-VFX",wie Diskolama + Event-Material-Instanz,H5,K5,A5,288.0,1920,16000,1.0,Glitzer-Spucke: Team-ATK +15 % für 5 s,Spiegel-Leib: ausgewogen,Plateau-Groove: Hype-Fenster +20 % breiter,"Kopfnicken im 120-BPM-Takt, Kugel dreht 45°/s",Lama-Summen + Disco-Pling + Event-Glöckchen-Layer,"Goldener Lichtstrahl, 0,5 s Zeitlupe, Fanfare, Server-Toast (2.200 ms) + Event-Farbton","Event-Ei W2 (Event-Tokens), bleibt danach im Index sichtbar"
E3-11,Paketeulo,"Event (Event-Ei, gratis)",W3 24.–30.12.2026,9,Paketeulo,Ungewöhnlich,#5BD45B,Paket,Geschenkpaket-Eule; Winterfest II: neue Art Paketeulo (Bonus-Art),wie Paketeulo – Kopf: Eulenkopf mit Schleife / Körper: Geschenkkarton mit Flügeln / Acc.: Geschenkband-Schwanz,H9,K9,A9,4.2,36,240,0.9,Paket-Bombe: Flächenschaden 2 Ziele,Karton-Leib: HP +20 %,Überraschung: 10 % Chance auf Gratis-Kern,"Kopf-Drehung 180° alle 5 s, Schleife flattert",Huhu + Papier-Rascheln + Event-Glöckchen-Layer,Grüner Konfetti-Puff + Doppel-Pling (600 ms) + Event-Farbton,"Event-Ei W3 (Event-Tokens), bleibt danach im Index sichtbar"
E3-12,Paketeuletto,"Event (Event-Ei, gratis)",W3 24.–30.12.2026,9,Paketeulo,Selten,#3AA0FF,Paket,Geschenkpaket-Eule; Winterfest II: neue Art Paketeulo (Bonus-Art),wie Paketeulo – Kopf: Eulenkopf mit Schleife / Körper: Geschenkkarton mit Flügeln / Acc.: Geschenkband-Schwanz,H9,K9,A9,16.8,144,960,0.9,Paket-Bombe: Flächenschaden 2 Ziele,Karton-Leib: HP +20 %,Überraschung: 10 % Chance auf Gratis-Kern,"Kopf-Drehung 180° alle 5 s, Schleife flattert",Huhu + Papier-Rascheln + Event-Glöckchen-Layer,"Blauer Ring-Burst + Glocken-Arpeggio, leichter Kamera-Push (900 ms) + Event-Farbton","Event-Ei W3 (Event-Tokens), bleibt danach im Index sichtbar"
E3-13,Paketeuloro,"Event (Event-Ei, gratis)",W3 24.–30.12.2026,9,Paketeulo,Episch,#B056FF,Paket,Geschenkpaket-Eule; Winterfest II: neue Art Paketeulo (Bonus-Art),wie Paketeulo – Kopf: Eulenkopf mit Schleife / Körper: Geschenkkarton mit Flügeln / Acc.: Geschenkband-Schwanz,H9,K9,A9,73.5,630,4200,0.9,Paket-Bombe: Flächenschaden 2 Ziele,Karton-Leib: HP +20 %,Überraschung: 10 % Chance auf Gratis-Kern,"Kopf-Drehung 180° alle 5 s, Schleife flattert",Huhu + Papier-Rascheln + Event-Glöckchen-Layer,"Lila Wirbel, Ei bekommt Risse in 3 Stufen, Trommelwirbel (1.400 ms) + Event-Farbton","Event-Ei W3 (Event-Tokens), bleibt danach im Index sichtbar"
E3-14,Kristapaketeulo,"Event (Event-Ei, gratis)",W3 24.–30.12.2026,9,Paketeulo,Legendär,#FFB319,Paket,Geschenkpaket-Eule; Winterfest II: neue Art Paketeulo (Bonus-Art),wie Paketeulo – Kopf: Eulenkopf mit Schleife / Körper: Geschenkkarton mit Flügeln / Acc.: Geschenkband-Schwanz,H9,K9,A9,336.0,2880,19200,0.9,Paket-Bombe: Flächenschaden 2 Ziele,Karton-Leib: HP +20 %,Überraschung: 10 % Chance auf Gratis-Kern,"Kopf-Drehung 180° alle 5 s, Schleife flattert",Huhu + Papier-Rascheln + Event-Glöckchen-Layer,"Goldener Lichtstrahl, 0,5 s Zeitlupe, Fanfare, Server-Toast (2.200 ms) + Event-Farbton","Event-Ei W3 (Event-Tokens), bleibt danach im Index sichtbar"
E3-15,Paketeulo Mythico,"Event (Event-Ei, gratis)",W3 24.–30.12.2026,9,Paketeulo,Mythisch,#FF3D6E,Paket,Geschenkpaket-Eule; Winterfest II: neue Art Paketeulo (Bonus-Art),wie Paketeulo – Kopf: Eulenkopf mit Schleife / Körper: Geschenkkarton mit Flügeln / Acc.: Geschenkband-Schwanz,H9,K9,A9,1575.0,13500,90000,0.9,Paket-Bombe: Flächenschaden 2 Ziele,Karton-Leib: HP +20 %,Überraschung: 10 % Chance auf Gratis-Kern,"Kopf-Drehung 180° alle 5 s, Schleife flattert",Huhu + Papier-Rascheln + Event-Glöckchen-Layer,"Pinke Schockwelle über den Plot, Chor-Akkord, Server-Toast + Name per TTS (2.800 ms) + Event-Farbton","Event-Ei W3 (Event-Tokens), bleibt danach im Index sichtbar"
E4-16,Funki-Razzopingu,"Event (Event-Ei, gratis)",W4 31.12.–06.01.2027,6,Razzopingu,Selten,#3AA0FF,Funki,Raketen-Pinguin; Jahreswechsel: Funkenregen-Shader (keine Böller-Geräusche),wie Razzopingu + Event-Material-Instanz,H6,K6,A6,15.2,208,640,0.9,Raketen-Rutscher: 25 % Krit-Chance,Raketen-Leib: ATK +30 %,Nachbrenner: Krit-Schaden +50 %,Watschel-Idle (Roll ±8°) + Mini-Raketenhüpfer alle 4 s,Tröt + Zünd-Fauchen + Event-Glöckchen-Layer,"Blauer Ring-Burst + Glocken-Arpeggio, leichter Kamera-Push (900 ms) + Event-Farbton","Event-Ei W4 (Event-Tokens), bleibt danach im Index sichtbar"
E4-17,Funki-Bzzkoffro,"Event (Event-Ei, gratis)",W4 31.12.–06.01.2027,8,Bzzkoffro,Selten,#3AA0FF,Funki,Koffer-Hummel; Jahreswechsel: Funkenregen-Shader (keine Böller-Geräusche),wie Bzzkoffro + Event-Material-Instanz,H8,K8,A8,17.6,128,800,1.1,Souvenir-Stich: +25 % Drop-Chance beim Treffer,Koffer-Leib: Einkommen +10 %,Zoll-Sticker: +1 Kern pro Welle (15 %),Summ-Zittern 12 Hz ±1 cm + Flug-Bob 15 cm,Brummen + Reißverschluss-Zipp + Event-Glöckchen-Layer,"Blauer Ring-Burst + Glocken-Arpeggio, leichter Kamera-Push (900 ms) + Event-Farbton","Event-Ei W4 (Event-Tokens), bleibt danach im Index sichtbar"
E4-18,Funki-Frogurko,"Event (Event-Ei, gratis)",W4 31.12.–06.01.2027,2,Frogurko,Episch,#B056FF,Funki,Gurkenglas-Frosch; Jahreswechsel: Funkenregen-Shader (keine Böller-Geräusche),wie Frogurko + Event-Material-Instanz,H2,K2,A2,70.0,560,3850,1.2,Essig-Spritzer: Gift 3 s (40 % ATK/s),Glas-Leib: Angriffstempo +20 %,Dill-Duft: Gift hält +2 s,"Frosch-Sprung: Hop 40 cm alle 1,4 s, Glas wackelt (Roll ±6°)",Quaken + Glas-Plopp + Event-Glöckchen-Layer,"Lila Wirbel, Ei bekommt Risse in 3 Stufen, Trommelwirbel (1.400 ms) + Event-Farbton","Event-Ei W4 (Event-Tokens), bleibt danach im Index sichtbar"
E4-19,Funki-Idrantoro,"Event (Event-Ei, gratis)",W4 31.12.–06.01.2027,3,Idrantoro,Legendär,#FFB319,Funki,Hydranten-Stier; Jahreswechsel: Funkenregen-Shader (keine Böller-Geräusche),wie Idrantoro + Event-Material-Instanz,H3,K3,A3,272.0,2240,25600,0.8,"Wasser-Ansturm: Stoß + 0,5 s Betäubung",Hydranten-Leib: HP +60 %,Druckventil: 15 % Schaden zurück,Stampf-Idle: 2 Stampfer + Dampfwolke alle 3 s,Tiefes Muhen + Zisch-Ventil + Event-Glöckchen-Layer,"Goldener Lichtstrahl, 0,5 s Zeitlupe, Fanfare, Server-Toast (2.200 ms) + Event-Farbton","Event-Ei W4 (Event-Tokens), bleibt danach im Index sichtbar"
E4-20,Funki-Diskolama,"Event (Event-Ei, gratis)",W4 31.12.–06.01.2027,5,Diskolama,Mythisch,#FF3D6E,Funki,Discokugel-Lama; Jahreswechsel: Funkenregen-Shader (keine Böller-Geräusche),wie Diskolama + Event-Material-Instanz,H5,K5,A5,1350.0,9000,75000,1.0,Glitzer-Spucke: Team-ATK +15 % für 5 s,Spiegel-Leib: ausgewogen,Plateau-Groove: Hype-Fenster +20 % breiter,"Kopfnicken im 120-BPM-Takt, Kugel dreht 45°/s",Lama-Summen + Disco-Pling + Event-Glöckchen-Layer,"Pinke Schockwelle über den Plot, Chor-Akkord, Server-Toast + Name per TTS (2.800 ms) + Event-Farbton","Event-Ei W4 (Event-Tokens), bleibt danach im Index sichtbar"
E5-21,Schleimi-Frogurko,"Event (Event-Ei, gratis)",W5 07.–13.01.2027,2,Frogurko,Selten,#3AA0FF,Schleimi,"Gurkenglas-Frosch; Schleim-Invasion: glibbriges Grün, Wellen-Modifikator",wie Frogurko + Event-Material-Instanz,H2,K2,A2,16.0,128,880,1.2,Essig-Spritzer: Gift 3 s (40 % ATK/s),Glas-Leib: Angriffstempo +20 %,Dill-Duft: Gift hält +2 s,"Frosch-Sprung: Hop 40 cm alle 1,4 s, Glas wackelt (Roll ±6°)",Quaken + Glas-Plopp + Event-Glöckchen-Layer,"Blauer Ring-Burst + Glocken-Arpeggio, leichter Kamera-Push (900 ms) + Event-Farbton","Event-Ei W5 (Event-Tokens), bleibt danach im Index sichtbar"
E5-22,Schleimi-Tagliatakel,"Event (Event-Ei, gratis)",W5 07.–13.01.2027,4,Tagliatakel,Episch,#B056FF,Schleimi,"Nudel-Oktopus; Schleim-Invasion: glibbriges Grün, Wellen-Modifikator",wie Tagliatakel + Event-Material-Instanz,H4,K4,A4,70.0,525,3500,1.4,"Nudel-Wirbel: 3 Ziele, je 0,5x ATK",Teller-Leib: Angriffstempo +40 %,Bällchen-Kette: +1 Ziel,"Wabbel-Idle: Körper-Scale-Puls 1,0/1,08, Kette rotiert 30°/s",Schlürfen + Blubb + Event-Glöckchen-Layer,"Lila Wirbel, Ei bekommt Risse in 3 Stufen, Trommelwirbel (1.400 ms) + Event-Farbton","Event-Ei W5 (Event-Tokens), bleibt danach im Index sichtbar"
E5-23,Schleimi-Waffelino,"Event (Event-Ei, gratis)",W5 07.–13.01.2027,1,Waffelino,Episch,#B056FF,Schleimi,"Waffeleisen-Maus; Schleim-Invasion: glibbriges Grün, Wellen-Modifikator",wie Waffelino + Event-Material-Instanz,H1,K1,A1,84.0,630,3500,1.0,"Waffel-Wurf: Einzelziel, 1,2x ATK",Waffel-Leib: Einkommen +20 %,Sirup-Zins: +10 % Münzen aus Wellen,"Klapp-Hüpfer: Körper-Squash 0,85/1,15 Y alle 0,6 s, Ohren wippen",Knusper-Klick + hohes Fiepen + Event-Glöckchen-Layer,"Lila Wirbel, Ei bekommt Risse in 3 Stufen, Trommelwirbel (1.400 ms) + Event-Farbton","Event-Ei W5 (Event-Tokens), bleibt danach im Index sichtbar"
E5-24,Schleimi-Wolkowal,"Event (Event-Ei, gratis)",W5 07.–13.01.2027,7,Wolkowal,Legendär,#FFB319,Schleimi,"Gewitterwolken-Wal; Schleim-Invasion: glibbriges Grün, Wellen-Modifikator",wie Wolkowal + Event-Material-Instanz,H7,K7,A7,336.0,3200,17600,0.7,Donner-Blas: Kettenblitz auf 4 Ziele,Nebel-Leib: 10 % Ausweichen,Farbschild: Boss-Schaden +20 %,"Schwebe-Bob: Sinus 25 cm / 2,4 s, langsames Rollen",Walgesang + fernes Donnergrollen + Event-Glöckchen-Layer,"Goldener Lichtstrahl, 0,5 s Zeitlupe, Fanfare, Server-Toast (2.200 ms) + Event-Farbton","Event-Ei W5 (Event-Tokens), bleibt danach im Index sichtbar"
E5-25,Schleimi-Idrantoro,"Event (Event-Ei, gratis)",W5 07.–13.01.2027,3,Idrantoro,Mythisch,#FF3D6E,Schleimi,"Hydranten-Stier; Schleim-Invasion: glibbriges Grün, Wellen-Modifikator",wie Idrantoro + Event-Material-Instanz,H3,K3,A3,1275.0,10500,120000,0.8,"Wasser-Ansturm: Stoß + 0,5 s Betäubung",Hydranten-Leib: HP +60 %,Druckventil: 15 % Schaden zurück,Stampf-Idle: 2 Stampfer + Dampfwolke alle 3 s,Tiefes Muhen + Zisch-Ventil + Event-Glöckchen-Layer,"Pinke Schockwelle über den Plot, Chor-Akkord, Server-Toast + Name per TTS (2.800 ms) + Event-Farbton","Event-Ei W5 (Event-Tokens), bleibt danach im Index sichtbar"
E6-26,Bassotto,"Event (Event-Ei, gratis)",W6 14.–20.01.2027,10,Bassotto,Ungewöhnlich,#5BD45B,Bass,Lautsprecher-Dackel; Disko-Fieber: neue Art Bassotto (Bonus-Art),wie Bassotto – Kopf: Dackelkopf mit Kopfhörern / Körper: langer Lautsprecher-Körper / Acc.: Subwoofer-Schwanz,H10,K10,A10,4.0,38,200,1.25,Bass-Drop: alle 3. Angriffe 2x Schaden,Boxen-Leib: Tempo +25 %,Beat-Sync: Perfekt-Hype +10 % Schaden,Pump-Idle: Körper-Scale-Puls im Takt 120 BPM,Wuff + Bass-Wumms + Event-Glöckchen-Layer,Grüner Konfetti-Puff + Doppel-Pling (600 ms) + Event-Farbton,"Event-Ei W6 (Event-Tokens), bleibt danach im Index sichtbar"
E6-27,Bassottetto,"Event (Event-Ei, gratis)",W6 14.–20.01.2027,10,Bassotto,Selten,#3AA0FF,Bass,Lautsprecher-Dackel; Disko-Fieber: neue Art Bassotto (Bonus-Art),wie Bassotto – Kopf: Dackelkopf mit Kopfhörern / Körper: langer Lautsprecher-Körper / Acc.: Subwoofer-Schwanz,H10,K10,A10,16.0,152,800,1.25,Bass-Drop: alle 3. Angriffe 2x Schaden,Boxen-Leib: Tempo +25 %,Beat-Sync: Perfekt-Hype +10 % Schaden,Pump-Idle: Körper-Scale-Puls im Takt 120 BPM,Wuff + Bass-Wumms + Event-Glöckchen-Layer,"Blauer Ring-Burst + Glocken-Arpeggio, leichter Kamera-Push (900 ms) + Event-Farbton","Event-Ei W6 (Event-Tokens), bleibt danach im Index sichtbar"
E6-28,Bassottoro,"Event (Event-Ei, gratis)",W6 14.–20.01.2027,10,Bassotto,Episch,#B056FF,Bass,Lautsprecher-Dackel; Disko-Fieber: neue Art Bassotto (Bonus-Art),wie Bassotto – Kopf: Dackelkopf mit Kopfhörern / Körper: langer Lautsprecher-Körper / Acc.: Subwoofer-Schwanz,H10,K10,A10,70.0,665,3500,1.25,Bass-Drop: alle 3. Angriffe 2x Schaden,Boxen-Leib: Tempo +25 %,Beat-Sync: Perfekt-Hype +10 % Schaden,Pump-Idle: Körper-Scale-Puls im Takt 120 BPM,Wuff + Bass-Wumms + Event-Glöckchen-Layer,"Lila Wirbel, Ei bekommt Risse in 3 Stufen, Trommelwirbel (1.400 ms) + Event-Farbton","Event-Ei W6 (Event-Tokens), bleibt danach im Index sichtbar"
E6-29,Kristabassotto,"Event (Event-Ei, gratis)",W6 14.–20.01.2027,10,Bassotto,Legendär,#FFB319,Bass,Lautsprecher-Dackel; Disko-Fieber: neue Art Bassotto (Bonus-Art),wie Bassotto – Kopf: Dackelkopf mit Kopfhörern / Körper: langer Lautsprecher-Körper / Acc.: Subwoofer-Schwanz,H10,K10,A10,320.0,3040,16000,1.25,Bass-Drop: alle 3. Angriffe 2x Schaden,Boxen-Leib: Tempo +25 %,Beat-Sync: Perfekt-Hype +10 % Schaden,Pump-Idle: Körper-Scale-Puls im Takt 120 BPM,Wuff + Bass-Wumms + Event-Glöckchen-Layer,"Goldener Lichtstrahl, 0,5 s Zeitlupe, Fanfare, Server-Toast (2.200 ms) + Event-Farbton","Event-Ei W6 (Event-Tokens), bleibt danach im Index sichtbar"
E6-30,Bassotto Mythico,"Event (Event-Ei, gratis)",W6 14.–20.01.2027,10,Bassotto,Mythisch,#FF3D6E,Bass,Lautsprecher-Dackel; Disko-Fieber: neue Art Bassotto (Bonus-Art),wie Bassotto – Kopf: Dackelkopf mit Kopfhörern / Körper: langer Lautsprecher-Körper / Acc.: Subwoofer-Schwanz,H10,K10,A10,1500.0,14250,75000,1.25,Bass-Drop: alle 3. Angriffe 2x Schaden,Boxen-Leib: Tempo +25 %,Beat-Sync: Perfekt-Hype +10 % Schaden,Pump-Idle: Körper-Scale-Puls im Takt 120 BPM,Wuff + Bass-Wumms + Event-Glöckchen-Layer,"Pinke Schockwelle über den Plot, Chor-Akkord, Server-Toast + Name per TTS (2.800 ms) + Event-Farbton","Event-Ei W6 (Event-Tokens), bleibt danach im Index sichtbar"
E7-31,Kosmi-Diskolama,"Event (Event-Ei, gratis)",W7 21.–27.01.2027,5,Diskolama,Episch,#B056FF,Kosmi,"Discokugel-Lama; Kosmos-Woche: Sternenfeld-Shader, Meteor-Boss",wie Diskolama + Event-Material-Instanz,H5,K5,A5,63.0,420,3500,1.0,Glitzer-Spucke: Team-ATK +15 % für 5 s,Spiegel-Leib: ausgewogen,Plateau-Groove: Hype-Fenster +20 % breiter,"Kopfnicken im 120-BPM-Takt, Kugel dreht 45°/s",Lama-Summen + Disco-Pling + Event-Glöckchen-Layer,"Lila Wirbel, Ei bekommt Risse in 3 Stufen, Trommelwirbel (1.400 ms) + Event-Farbton","Event-Ei W7 (Event-Tokens), bleibt danach im Index sichtbar"
E7-32,Kosmi-Bzzkoffro,"Event (Event-Ei, gratis)",W7 21.–27.01.2027,8,Bzzkoffro,Episch,#B056FF,Kosmi,"Koffer-Hummel; Kosmos-Woche: Sternenfeld-Shader, Meteor-Boss",wie Bzzkoffro + Event-Material-Instanz,H8,K8,A8,77.0,560,3500,1.1,Souvenir-Stich: +25 % Drop-Chance beim Treffer,Koffer-Leib: Einkommen +10 %,Zoll-Sticker: +1 Kern pro Welle (15 %),Summ-Zittern 12 Hz ±1 cm + Flug-Bob 15 cm,Brummen + Reißverschluss-Zipp + Event-Glöckchen-Layer,"Lila Wirbel, Ei bekommt Risse in 3 Stufen, Trommelwirbel (1.400 ms) + Event-Farbton","Event-Ei W7 (Event-Tokens), bleibt danach im Index sichtbar"
E7-33,Kosmi-Idrantoro,"Event (Event-Ei, gratis)",W7 21.–27.01.2027,3,Idrantoro,Legendär,#FFB319,Kosmi,"Hydranten-Stier; Kosmos-Woche: Sternenfeld-Shader, Meteor-Boss",wie Idrantoro + Event-Material-Instanz,H3,K3,A3,272.0,2240,25600,0.8,"Wasser-Ansturm: Stoß + 0,5 s Betäubung",Hydranten-Leib: HP +60 %,Druckventil: 15 % Schaden zurück,Stampf-Idle: 2 Stampfer + Dampfwolke alle 3 s,Tiefes Muhen + Zisch-Ventil + Event-Glöckchen-Layer,"Goldener Lichtstrahl, 0,5 s Zeitlupe, Fanfare, Server-Toast (2.200 ms) + Event-Farbton","Event-Ei W7 (Event-Tokens), bleibt danach im Index sichtbar"
E7-34,Kosmi-Waffelino,"Event (Event-Ei, gratis)",W7 21.–27.01.2027,1,Waffelino,Mythisch,#FF3D6E,Kosmi,"Waffeleisen-Maus; Kosmos-Woche: Sternenfeld-Shader, Meteor-Boss",wie Waffelino + Event-Material-Instanz,H1,K1,A1,1800.0,13500,75000,1.0,"Waffel-Wurf: Einzelziel, 1,2x ATK",Waffel-Leib: Einkommen +20 %,Sirup-Zins: +10 % Münzen aus Wellen,"Klapp-Hüpfer: Körper-Squash 0,85/1,15 Y alle 0,6 s, Ohren wippen",Knusper-Klick + hohes Fiepen + Event-Glöckchen-Layer,"Pinke Schockwelle über den Plot, Chor-Akkord, Server-Toast + Name per TTS (2.800 ms) + Event-Farbton","Event-Ei W7 (Event-Tokens), bleibt danach im Index sichtbar"
E7-35,Kosmi-Razzopingu,"Event (Event-Ei, gratis)",W7 21.–27.01.2027,6,Razzopingu,Geheim,#00E5FF>#FF3DF2,Kosmi,"Raketen-Pinguin; Kosmos-Woche: Sternenfeld-Shader, Meteor-Boss",wie Razzopingu + Event-Material-Instanz,H6,K6,A6,7125.0,97500,300000,0.9,Raketen-Rutscher: 25 % Krit-Chance,Raketen-Leib: ATK +30 %,Nachbrenner: Krit-Schaden +50 %,Watschel-Idle (Roll ±8°) + Mini-Raketenhüpfer alle 4 s,Tröt + Zünd-Fauchen + Event-Glöckchen-Layer,"Blackout 300 ms, kosmischer Wirbel, Bass-Drop, globales Banner für alle 16 Spieler (4.000 ms) + Event-Farbton","Event-Ei W7 (Event-Tokens), bleibt danach im Index sichtbar"
E8-36,Festi-Tagliatakel,"Event (Event-Ei, gratis)",W8 28.01.–03.02.2027,4,Tagliatakel,Episch,#B056FF,Festi,"Nudel-Oktopus; Fusions-Festival: Regenbogen-Shader, Rezept-Hinweise",wie Tagliatakel + Event-Material-Instanz,H4,K4,A4,70.0,525,3500,1.4,"Nudel-Wirbel: 3 Ziele, je 0,5x ATK",Teller-Leib: Angriffstempo +40 %,Bällchen-Kette: +1 Ziel,"Wabbel-Idle: Körper-Scale-Puls 1,0/1,08, Kette rotiert 30°/s",Schlürfen + Blubb + Event-Glöckchen-Layer,"Lila Wirbel, Ei bekommt Risse in 3 Stufen, Trommelwirbel (1.400 ms) + Event-Farbton","Event-Ei W8 (Event-Tokens), bleibt danach im Index sichtbar"
E8-37,Festi-Wolkowal,"Event (Event-Ei, gratis)",W8 28.01.–03.02.2027,7,Wolkowal,Episch,#B056FF,Festi,"Gewitterwolken-Wal; Fusions-Festival: Regenbogen-Shader, Rezept-Hinweise",wie Wolkowal + Event-Material-Instanz,H7,K7,A7,73.5,700,3850,0.7,Donner-Blas: Kettenblitz auf 4 Ziele,Nebel-Leib: 10 % Ausweichen,Farbschild: Boss-Schaden +20 %,"Schwebe-Bob: Sinus 25 cm / 2,4 s, langsames Rollen",Walgesang + fernes Donnergrollen + Event-Glöckchen-Layer,"Lila Wirbel, Ei bekommt Risse in 3 Stufen, Trommelwirbel (1.400 ms) + Event-Farbton","Event-Ei W8 (Event-Tokens), bleibt danach im Index sichtbar"
E8-38,Festi-Frogurko,"Event (Event-Ei, gratis)",W8 28.01.–03.02.2027,2,Frogurko,Legendär,#FFB319,Festi,"Gurkenglas-Frosch; Fusions-Festival: Regenbogen-Shader, Rezept-Hinweise",wie Frogurko + Event-Material-Instanz,H2,K2,A2,320.0,2560,17600,1.2,Essig-Spritzer: Gift 3 s (40 % ATK/s),Glas-Leib: Angriffstempo +20 %,Dill-Duft: Gift hält +2 s,"Frosch-Sprung: Hop 40 cm alle 1,4 s, Glas wackelt (Roll ±6°)",Quaken + Glas-Plopp + Event-Glöckchen-Layer,"Goldener Lichtstrahl, 0,5 s Zeitlupe, Fanfare, Server-Toast (2.200 ms) + Event-Farbton","Event-Ei W8 (Event-Tokens), bleibt danach im Index sichtbar"
E8-39,Festi-Diskolama,"Event (Event-Ei, gratis)",W8 28.01.–03.02.2027,5,Diskolama,Mythisch,#FF3D6E,Festi,"Discokugel-Lama; Fusions-Festival: Regenbogen-Shader, Rezept-Hinweise",wie Diskolama + Event-Material-Instanz,H5,K5,A5,1350.0,9000,75000,1.0,Glitzer-Spucke: Team-ATK +15 % für 5 s,Spiegel-Leib: ausgewogen,Plateau-Groove: Hype-Fenster +20 % breiter,"Kopfnicken im 120-BPM-Takt, Kugel dreht 45°/s",Lama-Summen + Disco-Pling + Event-Glöckchen-Layer,"Pinke Schockwelle über den Plot, Chor-Akkord, Server-Toast + Name per TTS (2.800 ms) + Event-Farbton","Event-Ei W8 (Event-Tokens), bleibt danach im Index sichtbar"
E8-40,Festi-Bzzkoffro,"Event (Event-Ei, gratis)",W8 28.01.–03.02.2027,8,Bzzkoffro,Geheim,#00E5FF>#FF3DF2,Festi,"Koffer-Hummel; Fusions-Festival: Regenbogen-Shader, Rezept-Hinweise",wie Bzzkoffro + Event-Material-Instanz,H8,K8,A8,8250.0,60000,375000,1.1,Souvenir-Stich: +25 % Drop-Chance beim Treffer,Koffer-Leib: Einkommen +10 %,Zoll-Sticker: +1 Kern pro Welle (15 %),Summ-Zittern 12 Hz ±1 cm + Flug-Bob 15 cm,Brummen + Reißverschluss-Zipp + Event-Glöckchen-Layer,"Blackout 300 ms, kosmischer Wirbel, Bass-Drop, globales Banner für alle 16 Spieler (4.000 ms) + Event-Farbton","Event-Ei W8 (Event-Tokens), bleibt danach im Index sichtbar"
G01,Blitzodisko Supremo,Geheim-Fusion,,7/5/6,Hybrid,Geheim,#00E5FF>#FF3DF2,Kosmisch+Rezept,"Rezept: Kopf Wolkowal + Körper Diskolama + Acc. Razzopingu, beide Eltern mind. Mythisch",Kopf: Walkopf aus Sturmwolke / Körper: verspiegelter Wollkörper / Acc.: Düsen-Fliege + Spezial-Halo,H7,K5,A6,9375.0,93750,450000,1.1,Donner-Blas: Kettenblitz auf 4 Ziele,Spiegel-Leib: ausgewogen,"Donner-Disco: Kettenblitz trifft im Takt, jeder 4. Blitz 3x",Hybrid-Animation (Körper-Art) + Halo-Rotation 60°/s,Eigener 4-Takt-Jingle + TTS-Name mit Hall,"Blackout 300 ms, kosmischer Wirbel, Bass-Drop, globales Banner für alle 16 Spieler (4.000 ms) + Rezept-Stempel im Index",Fusion 2x Mythisch mit exakt diesen Teilen (Hinweise ab Rebirth 10 / Event W8)
G02,Nudelnebel Infinito,Geheim-Fusion,,4/7/2,Hybrid,Geheim,#00E5FF>#FF3DF2,Kosmisch+Rezept,"Rezept: Kopf Tagliatakel + Körper Wolkowal + Acc. Frogurko, beide Eltern mind. Mythisch",Kopf: Oktopuskopf mit Nudelnest-Frisur / Körper: Wolkenleib mit Regen-Schleier / Acc.: Dill-Krone + Spezial-Halo,H4,K7,A2,9375.0,93750,450000,1.1,"Nudel-Wirbel: 3 Ziele, je 0,5x ATK",Nebel-Leib: 10 % Ausweichen,Nebel-Nudeln: alle Gegner vergiftet + 10 % langsamer,Hybrid-Animation (Körper-Art) + Halo-Rotation 60°/s,Eigener 4-Takt-Jingle + TTS-Name mit Hall,"Blackout 300 ms, kosmischer Wirbel, Bass-Drop, globales Banner für alle 16 Spieler (4.000 ms) + Rezept-Stempel im Index",Fusion 2x Mythisch mit exakt diesen Teilen (Hinweise ab Rebirth 10 / Event W8)
G03,Kofferkanone Magnifica,Geheim-Fusion,,8/6/3,Hybrid,Geheim,#00E5FF>#FF3DF2,Kosmisch+Rezept,"Rezept: Kopf Bzzkoffro + Körper Razzopingu + Acc. Idrantoro, beide Eltern mind. Mythisch",Kopf: Hummelkopf mit Reisehut / Körper: Raketenrumpf im Frack / Acc.: Feuerwehrschlauch-Schal + Spezial-Halo,H8,K6,A3,9375.0,93750,450000,1.1,Souvenir-Stich: +25 % Drop-Chance beim Treffer,Raketen-Leib: ATK +30 %,Koffer-Rakete: Boss-Treffer werfen 2 Extra-Kerne aus,Hybrid-Animation (Körper-Art) + Halo-Rotation 60°/s,Eigener 4-Takt-Jingle + TTS-Name mit Hall,"Blackout 300 ms, kosmischer Wirbel, Bass-Drop, globales Banner für alle 16 Spieler (4.000 ms) + Rezept-Stempel im Index",Fusion 2x Mythisch mit exakt diesen Teilen (Hinweise ab Rebirth 10 / Event W8)
G04,Sirupsturm Galattico,Geheim-Fusion,,1/7/5,Hybrid,Geheim,#00E5FF>#FF3DF2,Kosmisch+Rezept,"Rezept: Kopf Waffelino + Körper Wolkowal + Acc. Diskolama, beide Eltern mind. Mythisch",Kopf: Mauskopf mit Waffel-Ohren / Körper: Wolkenleib mit Regen-Schleier / Acc.: Plateau-Sonnenbrille + Spezial-Halo,H1,K7,A5,9375.0,93750,450000,1.1,"Waffel-Wurf: Einzelziel, 1,2x ATK",Nebel-Leib: 10 % Ausweichen,Sirup-Regen: Team-Einkommen +25 % während Wellen,Hybrid-Animation (Körper-Art) + Halo-Rotation 60°/s,Eigener 4-Takt-Jingle + TTS-Name mit Hall,"Blackout 300 ms, kosmischer Wirbel, Bass-Drop, globales Banner für alle 16 Spieler (4.000 ms) + Rezept-Stempel im Index",Fusion 2x Mythisch mit exakt diesen Teilen (Hinweise ab Rebirth 10 / Event W8)
G05,Hydrodisko Grandioso,Geheim-Fusion,,3/5/4,Hybrid,Geheim,#00E5FF>#FF3DF2,Kosmisch+Rezept,"Rezept: Kopf Idrantoro + Körper Diskolama + Acc. Tagliatakel, beide Eltern mind. Mythisch",Kopf: Stierkopf mit Ventil-Hörnern / Körper: verspiegelter Wollkörper / Acc.: Fleischbällchen-Kette + Spezial-Halo,H3,K5,A4,9375.0,93750,450000,1.1,"Wasser-Ansturm: Stoß + 0,5 s Betäubung",Spiegel-Leib: ausgewogen,"Schaum-Party: Team-HP +30 %, Dornen 25 %",Hybrid-Animation (Körper-Art) + Halo-Rotation 60°/s,Eigener 4-Takt-Jingle + TTS-Name mit Hall,"Blackout 300 ms, kosmischer Wirbel, Bass-Drop, globales Banner für alle 16 Spieler (4.000 ms) + Rezept-Stempel im Index",Fusion 2x Mythisch mit exakt diesen Teilen (Hinweise ab Rebirth 10 / Event W8)
G06,Gurkenrakete Fantastica,Geheim-Fusion,,2/6/8,Hybrid,Geheim,#00E5FF>#FF3DF2,Kosmisch+Rezept,"Rezept: Kopf Frogurko + Körper Razzopingu + Acc. Bzzkoffro, beide Eltern mind. Mythisch",Kopf: Frosch-Gurkenkopf mit Glubschaugen / Körper: Raketenrumpf im Frack / Acc.: Zoll-Sticker-Flügel + Spezial-Halo,H2,K6,A8,9375.0,93750,450000,1.1,Essig-Spritzer: Gift 3 s (40 % ATK/s),Raketen-Leib: ATK +30 %,Essig-Jet: Krit-Treffer vergiften (100 % ATK/s),Hybrid-Animation (Körper-Art) + Halo-Rotation 60°/s,Eigener 4-Takt-Jingle + TTS-Name mit Hall,"Blackout 300 ms, kosmischer Wirbel, Bass-Drop, globales Banner für alle 16 Spieler (4.000 ms) + Rezept-Stempel im Index",Fusion 2x Mythisch mit exakt diesen Teilen (Hinweise ab Rebirth 10 / Event W8)
G07,Walwaffel Celestiale,Geheim-Fusion,,7/1/8,Hybrid,Geheim,#00E5FF>#FF3DF2,Kosmisch+Rezept,"Rezept: Kopf Wolkowal + Körper Waffelino + Acc. Bzzkoffro, beide Eltern mind. Mythisch",Kopf: Walkopf aus Sturmwolke / Körper: aufklappbares Waffeleisen auf 4 Stummelbeinen / Acc.: Zoll-Sticker-Flügel + Spezial-Halo,H7,K1,A8,9375.0,93750,450000,1.1,Donner-Blas: Kettenblitz auf 4 Ziele,Waffel-Leib: Einkommen +20 %,Himmelswaffel: +1 Pad-Einkommenseffekt auf alle Nachbarn (+10 %),Hybrid-Animation (Körper-Art) + Halo-Rotation 60°/s,Eigener 4-Takt-Jingle + TTS-Name mit Hall,"Blackout 300 ms, kosmischer Wirbel, Bass-Drop, globales Banner für alle 16 Spieler (4.000 ms) + Rezept-Stempel im Index",Fusion 2x Mythisch mit exakt diesen Teilen (Hinweise ab Rebirth 10 / Event W8)
G08,Pinguinudel Assoluta,Geheim-Fusion,,6/4/7,Hybrid,Geheim,#00E5FF>#FF3DF2,Kosmisch+Rezept,"Rezept: Kopf Razzopingu + Körper Tagliatakel + Acc. Wolkowal, beide Eltern mind. Mythisch",Kopf: Pinguinkopf mit Pilotenbrille / Körper: Pastateller-Mantel mit 8 Nudelarmen / Acc.: Regenbogen-Schirm + Spezial-Halo,H6,K4,A7,9375.0,93750,450000,1.1,Raketen-Rutscher: 25 % Krit-Chance,Teller-Leib: Angriffstempo +40 %,Raketen-Wirbel: Mehrfachtreffer auf 5 Ziele mit Krit,Hybrid-Animation (Körper-Art) + Halo-Rotation 60°/s,Eigener 4-Takt-Jingle + TTS-Name mit Hall,"Blackout 300 ms, kosmischer Wirbel, Bass-Drop, globales Banner für alle 16 Spieler (4.000 ms) + Rezept-Stempel im Index",Fusion 2x Mythisch mit exakt diesen Teilen (Hinweise ab Rebirth 10 / Event W8)
