horizon_h,coins,coins_fmt,income_per_s,total_earned,creatures_owned,best_rarity,rebirths,wave_reached,team_power,index_entries,fusions_total,bosses_joined,eggs_hatched
0.25,1762273,1.76M,17.0K,8.33M,35,Episch,0,22,44.7K,54,31,1,176
0.5,13391525,13.4M,21.1K,49.8M,35,Episch,0,45,44.7K,73,51,3,360
1.0,102045723,102M,94.1K,303M,36,Legendaer,0,62,132K,99,80,8,727
2.0,171862917,172M,114K,902M,35,Legendaer,0,62,132K,143,132,16,1455
3.0,79768511,79.8M,328K,2.24B,35,Legendaer,1,70,384K,202,204,25,2185
5.0,348493144,348M,975K,8.08B,36,Legendaer,2,77,992K,279,319,42,3642
10.0,55801481181,55.8B,360M,1.28T,36,Mythisch,5,118,238M,371,535,85,7287
20.0,2249638171340398,2.25Qa,3.86T,42.1Qa,36,Geheim,12,187,1.63T,425,693,170,14566
30.0,41693225,41.7M,28.9M,3.14Qi,6,Geheim,16,216,83.6M,437,764,256,21849
50.0,22925202782294691840,22.9Qi,15.4Qa,321Qi,36,Geheim,19,253,6.36Qa,469,901,428,36416
