kopf_art,koerper_art,acc_art,name,paket,sperrlisten_treffer
1,1,1,Waffelino,R1,
1,1,2,Wafawafferko,R1,
1,1,3,Wafawaffero,R1,
1,1,4,Wafawaffetakel,R1,
1,1,5,Wafawaffelama,R1,
1,1,6,Wafawaffepingu,R1,
1,1,7,Wafawaffewal,R1,
1,1,8,Wafawaffeffro,R1,
1,1,9,Wafawaffeulo,Bonus,
1,1,10,Wafawaffetto,Bonus,
1,2,1,Wafagurkalino,R1,
1,2,2,Wafagurkurko,R1,
1,2,3,Wafagurkoro,R1,
1,2,4,Wafagurkatakel,R1,
1,2,5,Wafagurkalama,R1,
1,2,6,Wafagurkapingu,R1,
1,2,7,Wafagurkawal,R1,
1,2,8,Wafagurkoffro,R1,
1,2,9,Wafagurkeulo,Bonus,
1,2,10,Wafagurkotto,Bonus,
1,3,1,Wafadrantolino,R1,
1,3,2,Wafadrantorko,R1,
1,3,3,Wafadrantoro,R1,
1,3,4,Wafadrantotakel,R1,
1,3,5,Wafadrantolama,R1,
1,3,6,Wafadrantopingu,R1,
1,3,7,Wafadrantowal,R1,
1,3,8,Wafadrantoffro,R1,
1,3,9,Wafadrantoulo,Bonus,
1,3,10,Wafadrantotto,Bonus,
1,4,1,Wafaglialino,R1,
1,4,2,Wafagliarko,R1,
1,4,3,Wafagliaro,R1,
1,4,4,Wafagliatakel,R1,
1,4,5,Wafaglialama,R1,
1,4,6,Wafagliapingu,R1,
1,4,7,Wafagliawal,R1,
1,4,8,Wafagliaffro,R1,
1,4,9,Wafagliaulo,Bonus,
1,4,10,Wafagliatto,Bonus,
1,5,1,Wafadiskolino,R1,
1,5,2,Wafadiskorko,R1,
1,5,3,Wafadiskoro,R1,
1,5,4,Wafadiskotakel,R1,
1,5,5,Wafadiskolama,R1,
1,5,6,Wafadiskopingu,R1,
1,5,7,Wafadiskowal,R1,
1,5,8,Wafadiskoffro,R1,
1,5,9,Wafadiskoulo,Bonus,
1,5,10,Wafadiskotto,Bonus,
1,6,1,Wafarazzolino,R1,
1,6,2,Wafarazzorko,R1,
1,6,3,Wafarazzoro,R1,
1,6,4,Wafarazzotakel,R1,
1,6,5,Wafarazzolama,R1,
1,6,6,Wafarazzopingu,R1,
1,6,7,Wafarazzowal,R1,
1,6,8,Wafarazzoffro,R1,
1,6,9,Wafarazzoulo,Bonus,
1,6,10,Wafarazzotto,Bonus,
1,7,1,Wafawolkolino,R1,
1,7,2,Wafawolkorko,R1,
1,7,3,Wafawolkoro,R1,
1,7,4,Wafawolkotakel,R1,
1,7,5,Wafawolkolama,R1,
1,7,6,Wafawolkopingu,R1,
1,7,7,Wafawolkowal,R1,
1,7,8,Wafawolkoffro,R1,
1,7,9,Wafawolkoulo,Bonus,
1,7,10,Wafawolkotto,Bonus,
1,8,1,Wafakoffalino,R1,
1,8,2,Wafakoffurko,R1,
1,8,3,Wafakofforo,R1,
1,8,4,Wafakoffatakel,R1,
1,8,5,Wafakoffalama,R1,
1,8,6,Wafakoffapingu,R1,
1,8,7,Wafakoffawal,R1,
1,8,8,Wafakoffoffro,R1,
1,8,9,Wafakoffeulo,Bonus,
1,8,10,Wafakoffotto,Bonus,
1,9,1,Wafapaketalino,Bonus,
1,9,2,Wafapaketurko,Bonus,
1,9,3,Wafapaketoro,Bonus,
1,9,4,Wafapaketatakel,Bonus,
1,9,5,Wafapaketalama,Bonus,
1,9,6,Wafapaketapingu,Bonus,
1,9,7,Wafapaketawal,Bonus,
1,9,8,Wafapaketoffro,Bonus,
1,9,9,Wafapaketeulo,Bonus,
1,9,10,Wafapaketotto,Bonus,
1,10,1,Wafabassolino,Bonus,
1,10,2,Wafabassorko,Bonus,
1,10,3,Wafabassoro,Bonus,
1,10,4,Wafabassotakel,Bonus,
1,10,5,Wafabassolama,Bonus,
1,10,6,Wafabassopingu,Bonus,
1,10,7,Wafabassowal,Bonus,
1,10,8,Wafabassoffro,Bonus,
1,10,9,Wafabassoulo,Bonus,
1,10,10,Wafabassotto,Bonus,
2,1,1,Frowaffelino,R1,
2,1,2,Frowafferko,R1,
2,1,3,Frowaffero,R1,
2,1,4,Frowaffetakel,R1,
2,1,5,Frowaffelama,R1,
2,1,6,Frowaffepingu,R1,
2,1,7,Frowaffewal,R1,
2,1,8,Frowaffeffro,R1,
2,1,9,Frowaffeulo,Bonus,
2,1,10,Frowaffetto,Bonus,
2,2,1,Frogurkalino,R1,
2,2,2,Frogurko,R1,
2,2,3,Frogurkoro,R1,
2,2,4,Frogurkatakel,R1,
2,2,5,Frogurkalama,R1,
2,2,6,Frogurkapingu,R1,
2,2,7,Frogurkawal,R1,
2,2,8,Frogurkoffro,R1,
2,2,9,Frogurkeulo,Bonus,
2,2,10,Frogurkotto,Bonus,
2,3,1,Frodrantolino,R1,
2,3,2,Frodrantorko,R1,
2,3,3,Frodrantoro,R1,
2,3,4,Frodrantotakel,R1,
2,3,5,Frodrantolama,R1,
2,3,6,Frodrantopingu,R1,
2,3,7,Frodrantowal,R1,
2,3,8,Frodrantoffro,R1,
2,3,9,Frodrantoulo,Bonus,
2,3,10,Frodrantotto,Bonus,
2,4,1,Froglialino,R1,
2,4,2,Frogliarko,R1,
2,4,3,Frogliaro,R1,
2,4,4,Frogliatakel,R1,
2,4,5,Froglialama,R1,
2,4,6,Frogliapingu,R1,
2,4,7,Frogliawal,R1,
2,4,8,Frogliaffro,R1,
2,4,9,Frogliaulo,Bonus,
2,4,10,Frogliatto,Bonus,
2,5,1,Frodiskolino,R1,
2,5,2,Frodiskorko,R1,
2,5,3,Frodiskoro,R1,
2,5,4,Frodiskotakel,R1,
2,5,5,Frodiskolama,R1,
2,5,6,Frodiskopingu,R1,
2,5,7,Frodiskowal,R1,
2,5,8,Frodiskoffro,R1,
2,5,9,Frodiskoulo,Bonus,
2,5,10,Frodiskotto,Bonus,
2,6,1,Frorazzolino,R1,
2,6,2,Frorazzorko,R1,
2,6,3,Frorazzoro,R1,
2,6,4,Frorazzotakel,R1,
2,6,5,Frorazzolama,R1,
2,6,6,Frorazzopingu,R1,
2,6,7,Frorazzowal,R1,
2,6,8,Frorazzoffro,R1,
2,6,9,Frorazzoulo,Bonus,
2,6,10,Frorazzotto,Bonus,
2,7,1,Frowolkolino,R1,
2,7,2,Frowolkorko,R1,
2,7,3,Frowolkoro,R1,
2,7,4,Frowolkotakel,R1,
2,7,5,Frowolkolama,R1,
2,7,6,Frowolkopingu,R1,
2,7,7,Frowolkowal,R1,
2,7,8,Frowolkoffro,R1,
2,7,9,Frowolkoulo,Bonus,
2,7,10,Frowolkotto,Bonus,
2,8,1,Frokoffalino,R1,
2,8,2,Frokoffurko,R1,
2,8,3,Frokofforo,R1,
2,8,4,Frokoffatakel,R1,
2,8,5,Frokoffalama,R1,
2,8,6,Frokoffapingu,R1,
2,8,7,Frokoffawal,R1,
2,8,8,Frokoffoffro,R1,
2,8,9,Frokoffeulo,Bonus,
2,8,10,Frokoffotto,Bonus,
2,9,1,Fropaketalino,Bonus,
2,9,2,Fropaketurko,Bonus,
2,9,3,Fropaketoro,Bonus,
2,9,4,Fropaketatakel,Bonus,
2,9,5,Fropaketalama,Bonus,
2,9,6,Fropaketapingu,Bonus,
2,9,7,Fropaketawal,Bonus,
2,9,8,Fropaketoffro,Bonus,
2,9,9,Fropaketeulo,Bonus,
2,9,10,Fropaketotto,Bonus,
2,10,1,Frobassolino,Bonus,
2,10,2,Frobassorko,Bonus,
2,10,3,Frobassoro,Bonus,
2,10,4,Frobassotakel,Bonus,
2,10,5,Frobassolama,Bonus,
2,10,6,Frobassopingu,Bonus,
2,10,7,Frobassowal,Bonus,
2,10,8,Frobassoffro,Bonus,
2,10,9,Frobassoulo,Bonus,
2,10,10,Frobassotto,Bonus,
3,1,1,Idrawaffelino,R1,
3,1,2,Idrawafferko,R1,
3,1,3,Idrawaffero,R1,
3,1,4,Idrawaffetakel,R1,
3,1,5,Idrawaffelama,R1,
3,1,6,Idrawaffepingu,R1,
3,1,7,Idrawaffewal,R1,
3,1,8,Idrawaffeffro,R1,
3,1,9,Idrawaffeulo,Bonus,
3,1,10,Idrawaffetto,Bonus,
3,2,1,Idragurkalino,R1,
3,2,2,Idragurkurko,R1,
3,2,3,Idragurkoro,R1,
3,2,4,Idragurkatakel,R1,
3,2,5,Idragurkalama,R1,
3,2,6,Idragurkapingu,R1,
3,2,7,Idragurkawal,R1,
3,2,8,Idragurkoffro,R1,
3,2,9,Idragurkeulo,Bonus,
3,2,10,Idragurkotto,Bonus,
3,3,1,Idradrantolino,R1,
3,3,2,Idradrantorko,R1,
3,3,3,Idrantoro,R1,
3,3,4,Idradrantotakel,R1,
3,3,5,Idradrantolama,R1,
3,3,6,Idradrantopingu,R1,
3,3,7,Idradrantowal,R1,
3,3,8,Idradrantoffro,R1,
3,3,9,Idradrantoulo,Bonus,
3,3,10,Idradrantotto,Bonus,
3,4,1,Idraglialino,R1,
3,4,2,Idragliarko,R1,
3,4,3,Idragliaro,R1,
3,4,4,Idragliatakel,R1,
3,4,5,Idraglialama,R1,
3,4,6,Idragliapingu,R1,
3,4,7,Idragliawal,R1,
3,4,8,Idragliaffro,R1,
3,4,9,Idragliaulo,Bonus,
3,4,10,Idragliatto,Bonus,
3,5,1,Idradiskolino,R1,
3,5,2,Idradiskorko,R1,
3,5,3,Idradiskoro,R1,
3,5,4,Idradiskotakel,R1,
3,5,5,Idradiskolama,R1,
3,5,6,Idradiskopingu,R1,
3,5,7,Idradiskowal,R1,
3,5,8,Idradiskoffro,R1,
3,5,9,Idradiskoulo,Bonus,
3,5,10,Idradiskotto,Bonus,
3,6,1,Idrarazzolino,R1,
3,6,2,Idrarazzorko,R1,
3,6,3,Idrarazzoro,R1,
3,6,4,Idrarazzotakel,R1,
3,6,5,Idrarazzolama,R1,
3,6,6,Idrarazzopingu,R1,
3,6,7,Idrarazzowal,R1,
3,6,8,Idrarazzoffro,R1,
3,6,9,Idrarazzoulo,Bonus,
3,6,10,Idrarazzotto,Bonus,
3,7,1,Idrawolkolino,R1,
3,7,2,Idrawolkorko,R1,
3,7,3,Idrawolkoro,R1,
3,7,4,Idrawolkotakel,R1,
3,7,5,Idrawolkolama,R1,
3,7,6,Idrawolkopingu,R1,
3,7,7,Idrawolkowal,R1,
3,7,8,Idrawolkoffro,R1,
3,7,9,Idrawolkoulo,Bonus,
3,7,10,Idrawolkotto,Bonus,
3,8,1,Idrakoffalino,R1,
3,8,2,Idrakoffurko,R1,
3,8,3,Idrakofforo,R1,
3,8,4,Idrakoffatakel,R1,
3,8,5,Idrakoffalama,R1,
3,8,6,Idrakoffapingu,R1,
3,8,7,Idrakoffawal,R1,
3,8,8,Idrakoffoffro,R1,
3,8,9,Idrakoffeulo,Bonus,
3,8,10,Idrakoffotto,Bonus,
3,9,1,Idrapaketalino,Bonus,
3,9,2,Idrapaketurko,Bonus,
3,9,3,Idrapaketoro,Bonus,
3,9,4,Idrapaketatakel,Bonus,
3,9,5,Idrapaketalama,Bonus,
3,9,6,Idrapaketapingu,Bonus,
3,9,7,Idrapaketawal,Bonus,
3,9,8,Idrapaketoffro,Bonus,
3,9,9,Idrapaketeulo,Bonus,
3,9,10,Idrapaketotto,Bonus,
3,10,1,Idrabassolino,Bonus,
3,10,2,Idrabassorko,Bonus,
3,10,3,Idrabassoro,Bonus,
3,10,4,Idrabassotakel,Bonus,
3,10,5,Idrabassolama,Bonus,
3,10,6,Idrabassopingu,Bonus,
3,10,7,Idrabassowal,Bonus,
3,10,8,Idrabassoffro,Bonus,
3,10,9,Idrabassoulo,Bonus,
3,10,10,Idrabassotto,Bonus,
4,1,1,Tagliwaffelino,R1,
4,1,2,Tagliwafferko,R1,
4,1,3,Tagliwaffero,R1,
4,1,4,Tagliwaffetakel,R1,
4,1,5,Tagliwaffelama,R1,
4,1,6,Tagliwaffepingu,R1,
4,1,7,Tagliwaffewal,R1,
4,1,8,Tagliwaffeffro,R1,
4,1,9,Tagliwaffeulo,Bonus,
4,1,10,Tagliwaffetto,Bonus,
4,2,1,Tagligurkalino,R1,
4,2,2,Tagligurkurko,R1,
4,2,3,Tagligurkoro,R1,
4,2,4,Tagligurkatakel,R1,
4,2,5,Tagligurkalama,R1,
4,2,6,Tagligurkapingu,R1,
4,2,7,Tagligurkawal,R1,
4,2,8,Tagligurkoffro,R1,
4,2,9,Tagligurkeulo,Bonus,
4,2,10,Tagligurkotto,Bonus,
4,3,1,Taglidrantolino,R1,
4,3,2,Taglidrantorko,R1,
4,3,3,Taglidrantoro,R1,
4,3,4,Taglidrantotakel,R1,
4,3,5,Taglidrantolama,R1,
4,3,6,Taglidrantopingu,R1,
4,3,7,Taglidrantowal,R1,
4,3,8,Taglidrantoffro,R1,
4,3,9,Taglidrantoulo,Bonus,
4,3,10,Taglidrantotto,Bonus,
4,4,1,Tagliglialino,R1,
4,4,2,Tagligliarko,R1,
4,4,3,Tagligliaro,R1,
4,4,4,Tagliatakel,R1,
4,4,5,Tagliglialama,R1,
4,4,6,Tagligliapingu,R1,
4,4,7,Tagligliawal,R1,
4,4,8,Tagligliaffro,R1,
4,4,9,Tagligliaulo,Bonus,
4,4,10,Tagligliatto,Bonus,
4,5,1,Taglidiskolino,R1,
4,5,2,Taglidiskorko,R1,
4,5,3,Taglidiskoro,R1,
4,5,4,Taglidiskotakel,R1,
4,5,5,Taglidiskolama,R1,
4,5,6,Taglidiskopingu,R1,
4,5,7,Taglidiskowal,R1,
4,5,8,Taglidiskoffro,R1,
4,5,9,Taglidiskoulo,Bonus,
4,5,10,Taglidiskotto,Bonus,
4,6,1,Taglirazzolino,R1,
4,6,2,Taglirazzorko,R1,
4,6,3,Taglirazzoro,R1,
4,6,4,Taglirazzotakel,R1,
4,6,5,Taglirazzolama,R1,
4,6,6,Taglirazzopingu,R1,
4,6,7,Taglirazzowal,R1,
4,6,8,Taglirazzoffro,R1,
4,6,9,Taglirazzoulo,Bonus,
4,6,10,Taglirazzotto,Bonus,
4,7,1,Tagliwolkolino,R1,
4,7,2,Tagliwolkorko,R1,
4,7,3,Tagliwolkoro,R1,
4,7,4,Tagliwolkotakel,R1,
4,7,5,Tagliwolkolama,R1,
4,7,6,Tagliwolkopingu,R1,
4,7,7,Tagliwolkowal,R1,
4,7,8,Tagliwolkoffro,R1,
4,7,9,Tagliwolkoulo,Bonus,
4,7,10,Tagliwolkotto,Bonus,
4,8,1,Taglikoffalino,R1,
4,8,2,Taglikoffurko,R1,
4,8,3,Taglikofforo,R1,
4,8,4,Taglikoffatakel,R1,
4,8,5,Taglikoffalama,R1,
4,8,6,Taglikoffapingu,R1,
4,8,7,Taglikoffawal,R1,
4,8,8,Taglikoffoffro,R1,
4,8,9,Taglikoffeulo,Bonus,
4,8,10,Taglikoffotto,Bonus,
4,9,1,Taglipaketalino,Bonus,
4,9,2,Taglipaketurko,Bonus,
4,9,3,Taglipaketoro,Bonus,
4,9,4,Taglipaketatakel,Bonus,
4,9,5,Taglipaketalama,Bonus,
4,9,6,Taglipaketapingu,Bonus,
4,9,7,Taglipaketawal,Bonus,
4,9,8,Taglipaketoffro,Bonus,
4,9,9,Taglipaketeulo,Bonus,
4,9,10,Taglipaketotto,Bonus,
4,10,1,Taglibassolino,Bonus,
4,10,2,Taglibassorko,Bonus,
4,10,3,Taglibassoro,Bonus,
4,10,4,Taglibassotakel,Bonus,
4,10,5,Taglibassolama,Bonus,
4,10,6,Taglibassopingu,Bonus,
4,10,7,Taglibassowal,Bonus,
4,10,8,Taglibassoffro,Bonus,
4,10,9,Taglibassoulo,Bonus,
4,10,10,Taglibassotto,Bonus,
5,1,1,Disawaffelino,R1,
5,1,2,Disawafferko,R1,
5,1,3,Disawaffero,R1,
5,1,4,Disawaffetakel,R1,
5,1,5,Disawaffelama,R1,
5,1,6,Disawaffepingu,R1,
5,1,7,Disawaffewal,R1,
5,1,8,Disawaffeffro,R1,
5,1,9,Disawaffeulo,Bonus,
5,1,10,Disawaffetto,Bonus,
5,2,1,Disagurkalino,R1,
5,2,2,Disagurkurko,R1,
5,2,3,Disagurkoro,R1,
5,2,4,Disagurkatakel,R1,
5,2,5,Disagurkalama,R1,
5,2,6,Disagurkapingu,R1,
5,2,7,Disagurkawal,R1,
5,2,8,Disagurkoffro,R1,
5,2,9,Disagurkeulo,Bonus,
5,2,10,Disagurkotto,Bonus,
5,3,1,Disadrantolino,R1,
5,3,2,Disadrantorko,R1,
5,3,3,Disadrantoro,R1,
5,3,4,Disadrantotakel,R1,
5,3,5,Disadrantolama,R1,
5,3,6,Disadrantopingu,R1,
5,3,7,Disadrantowal,R1,
5,3,8,Disadrantoffro,R1,
5,3,9,Disadrantoulo,Bonus,
5,3,10,Disadrantotto,Bonus,
5,4,1,Disaglialino,R1,
5,4,2,Disagliarko,R1,
5,4,3,Disagliaro,R1,
5,4,4,Disagliatakel,R1,
5,4,5,Disaglialama,R1,
5,4,6,Disagliapingu,R1,
5,4,7,Disagliawal,R1,
5,4,8,Disagliaffro,R1,
5,4,9,Disagliaulo,Bonus,
5,4,10,Disagliatto,Bonus,
5,5,1,Disadiskolino,R1,
5,5,2,Disadiskorko,R1,
5,5,3,Disadiskoro,R1,
5,5,4,Disadiskotakel,R1,
5,5,5,Diskolama,R1,
5,5,6,Disadiskopingu,R1,
5,5,7,Disadiskowal,R1,
5,5,8,Disadiskoffro,R1,
5,5,9,Disadiskoulo,Bonus,
5,5,10,Disadiskotto,Bonus,
5,6,1,Disarazzolino,R1,
5,6,2,Disarazzorko,R1,
5,6,3,Disarazzoro,R1,
5,6,4,Disarazzotakel,R1,
5,6,5,Disarazzolama,R1,
5,6,6,Disarazzopingu,R1,
5,6,7,Disarazzowal,R1,
5,6,8,Disarazzoffro,R1,
5,6,9,Disarazzoulo,Bonus,
5,6,10,Disarazzotto,Bonus,
5,7,1,Disawolkolino,R1,
5,7,2,Disawolkorko,R1,
5,7,3,Disawolkoro,R1,
5,7,4,Disawolkotakel,R1,
5,7,5,Disawolkolama,R1,
5,7,6,Disawolkopingu,R1,
5,7,7,Disawolkowal,R1,
5,7,8,Disawolkoffro,R1,
5,7,9,Disawolkoulo,Bonus,
5,7,10,Disawolkotto,Bonus,
5,8,1,Disakoffalino,R1,
5,8,2,Disakoffurko,R1,
5,8,3,Disakofforo,R1,
5,8,4,Disakoffatakel,R1,
5,8,5,Disakoffalama,R1,
5,8,6,Disakoffapingu,R1,
5,8,7,Disakoffawal,R1,
5,8,8,Disakoffoffro,R1,
5,8,9,Disakoffeulo,Bonus,
5,8,10,Disakoffotto,Bonus,
5,9,1,Disapaketalino,Bonus,
5,9,2,Disapaketurko,Bonus,
5,9,3,Disapaketoro,Bonus,
5,9,4,Disapaketatakel,Bonus,
5,9,5,Disapaketalama,Bonus,
5,9,6,Disapaketapingu,Bonus,
5,9,7,Disapaketawal,Bonus,
5,9,8,Disapaketoffro,Bonus,
5,9,9,Disapaketeulo,Bonus,
5,9,10,Disapaketotto,Bonus,
5,10,1,Disabassolino,Bonus,
5,10,2,Disabassorko,Bonus,
5,10,3,Disabassoro,Bonus,
5,10,4,Disabassotakel,Bonus,
5,10,5,Disabassolama,Bonus,
5,10,6,Disabassopingu,Bonus,
5,10,7,Disabassowal,Bonus,
5,10,8,Disabassoffro,Bonus,
5,10,9,Disabassoulo,Bonus,
5,10,10,Disabassotto,Bonus,
6,1,1,Razawaffelino,R1,
6,1,2,Razawafferko,R1,
6,1,3,Razawaffero,R1,
6,1,4,Razawaffetakel,R1,
6,1,5,Razawaffelama,R1,
6,1,6,Razawaffepingu,R1,
6,1,7,Razawaffewal,R1,
6,1,8,Razawaffeffro,R1,
6,1,9,Razawaffeulo,Bonus,
6,1,10,Razawaffetto,Bonus,
6,2,1,Razagurkalino,R1,
6,2,2,Razagurkurko,R1,
6,2,3,Razagurkoro,R1,
6,2,4,Razagurkatakel,R1,
6,2,5,Razagurkalama,R1,
6,2,6,Razagurkapingu,R1,
6,2,7,Razagurkawal,R1,
6,2,8,Razagurkoffro,R1,
6,2,9,Razagurkeulo,Bonus,
6,2,10,Razagurkotto,Bonus,
6,3,1,Razadrantolino,R1,
6,3,2,Razadrantorko,R1,
6,3,3,Razadrantoro,R1,
6,3,4,Razadrantotakel,R1,
6,3,5,Razadrantolama,R1,
6,3,6,Razadrantopingu,R1,
6,3,7,Razadrantowal,R1,
6,3,8,Razadrantoffro,R1,
6,3,9,Razadrantoulo,Bonus,
6,3,10,Razadrantotto,Bonus,
6,4,1,Razaglialino,R1,
6,4,2,Razagliarko,R1,
6,4,3,Razagliaro,R1,
6,4,4,Razagliatakel,R1,
6,4,5,Razaglialama,R1,
6,4,6,Razagliapingu,R1,
6,4,7,Razagliawal,R1,
6,4,8,Razagliaffro,R1,
6,4,9,Razagliaulo,Bonus,
6,4,10,Razagliatto,Bonus,
6,5,1,Razadiskolino,R1,
6,5,2,Razadiskorko,R1,
6,5,3,Razadiskoro,R1,
6,5,4,Razadiskotakel,R1,
6,5,5,Razadiskolama,R1,
6,5,6,Razadiskopingu,R1,
6,5,7,Razadiskowal,R1,
6,5,8,Razadiskoffro,R1,
6,5,9,Razadiskoulo,Bonus,
6,5,10,Razadiskotto,Bonus,
6,6,1,Razarazzolino,R1,
6,6,2,Razarazzorko,R1,
6,6,3,Razarazzoro,R1,
6,6,4,Razarazzotakel,R1,
6,6,5,Razarazzolama,R1,
6,6,6,Razzopingu,R1,
6,6,7,Razarazzowal,R1,
6,6,8,Razarazzoffro,R1,
6,6,9,Razarazzoulo,Bonus,
6,6,10,Razarazzotto,Bonus,
6,7,1,Razawolkolino,R1,
6,7,2,Razawolkorko,R1,
6,7,3,Razawolkoro,R1,
6,7,4,Razawolkotakel,R1,
6,7,5,Razawolkolama,R1,
6,7,6,Razawolkopingu,R1,
6,7,7,Razawolkowal,R1,
6,7,8,Razawolkoffro,R1,
6,7,9,Razawolkoulo,Bonus,
6,7,10,Razawolkotto,Bonus,
6,8,1,Razakoffalino,R1,
6,8,2,Razakoffurko,R1,
6,8,3,Razakofforo,R1,
6,8,4,Razakoffatakel,R1,
6,8,5,Razakoffalama,R1,
6,8,6,Razakoffapingu,R1,
6,8,7,Razakoffawal,R1,
6,8,8,Razakoffoffro,R1,
6,8,9,Razakoffeulo,Bonus,
6,8,10,Razakoffotto,Bonus,
6,9,1,Razapaketalino,Bonus,
6,9,2,Razapaketurko,Bonus,
6,9,3,Razapaketoro,Bonus,
6,9,4,Razapaketatakel,Bonus,
6,9,5,Razapaketalama,Bonus,
6,9,6,Razapaketapingu,Bonus,
6,9,7,Razapaketawal,Bonus,
6,9,8,Razapaketoffro,Bonus,
6,9,9,Razapaketeulo,Bonus,
6,9,10,Razapaketotto,Bonus,
6,10,1,Razabassolino,Bonus,
6,10,2,Razabassorko,Bonus,
6,10,3,Razabassoro,Bonus,
6,10,4,Razabassotakel,Bonus,
6,10,5,Razabassolama,Bonus,
6,10,6,Razabassopingu,Bonus,
6,10,7,Razabassowal,Bonus,
6,10,8,Razabassoffro,Bonus,
6,10,9,Razabassoulo,Bonus,
6,10,10,Razabassotto,Bonus,
7,1,1,Wolawaffelino,R1,
7,1,2,Wolawafferko,R1,
7,1,3,Wolawaffero,R1,
7,1,4,Wolawaffetakel,R1,
7,1,5,Wolawaffelama,R1,
7,1,6,Wolawaffepingu,R1,
7,1,7,Wolawaffewal,R1,
7,1,8,Wolawaffeffro,R1,
7,1,9,Wolawaffeulo,Bonus,
7,1,10,Wolawaffetto,Bonus,
7,2,1,Wolagurkalino,R1,
7,2,2,Wolagurkurko,R1,
7,2,3,Wolagurkoro,R1,
7,2,4,Wolagurkatakel,R1,
7,2,5,Wolagurkalama,R1,
7,2,6,Wolagurkapingu,R1,
7,2,7,Wolagurkawal,R1,
7,2,8,Wolagurkoffro,R1,
7,2,9,Wolagurkeulo,Bonus,
7,2,10,Wolagurkotto,Bonus,
7,3,1,Woladrantolino,R1,
7,3,2,Woladrantorko,R1,
7,3,3,Woladrantoro,R1,
7,3,4,Woladrantotakel,R1,
7,3,5,Woladrantolama,R1,
7,3,6,Woladrantopingu,R1,
7,3,7,Woladrantowal,R1,
7,3,8,Woladrantoffro,R1,
7,3,9,Woladrantoulo,Bonus,
7,3,10,Woladrantotto,Bonus,
7,4,1,Wolaglialino,R1,
7,4,2,Wolagliarko,R1,
7,4,3,Wolagliaro,R1,
7,4,4,Wolagliatakel,R1,
7,4,5,Wolaglialama,R1,
7,4,6,Wolagliapingu,R1,
7,4,7,Wolagliawal,R1,
7,4,8,Wolagliaffro,R1,
7,4,9,Wolagliaulo,Bonus,
7,4,10,Wolagliatto,Bonus,
7,5,1,Woladiskolino,R1,
7,5,2,Woladiskorko,R1,
7,5,3,Woladiskoro,R1,
7,5,4,Woladiskotakel,R1,
7,5,5,Woladiskolama,R1,
7,5,6,Woladiskopingu,R1,
7,5,7,Woladiskowal,R1,
7,5,8,Woladiskoffro,R1,
7,5,9,Woladiskoulo,Bonus,
7,5,10,Woladiskotto,Bonus,
7,6,1,Wolarazzolino,R1,
7,6,2,Wolarazzorko,R1,
7,6,3,Wolarazzoro,R1,
7,6,4,Wolarazzotakel,R1,
7,6,5,Wolarazzolama,R1,
7,6,6,Wolarazzopingu,R1,
7,6,7,Wolarazzowal,R1,
7,6,8,Wolarazzoffro,R1,
7,6,9,Wolarazzoulo,Bonus,
7,6,10,Wolarazzotto,Bonus,
7,7,1,Wolawolkolino,R1,
7,7,2,Wolawolkorko,R1,
7,7,3,Wolawolkoro,R1,
7,7,4,Wolawolkotakel,R1,
7,7,5,Wolawolkolama,R1,
7,7,6,Wolawolkopingu,R1,
7,7,7,Wolkowal,R1,
7,7,8,Wolawolkoffro,R1,
7,7,9,Wolawolkoulo,Bonus,
7,7,10,Wolawolkotto,Bonus,
7,8,1,Wolakoffalino,R1,
7,8,2,Wolakoffurko,R1,
7,8,3,Wolakofforo,R1,
7,8,4,Wolakoffatakel,R1,
7,8,5,Wolakoffalama,R1,
7,8,6,Wolakoffapingu,R1,
7,8,7,Wolakoffawal,R1,
7,8,8,Wolakoffoffro,R1,
7,8,9,Wolakoffeulo,Bonus,
7,8,10,Wolakoffotto,Bonus,
7,9,1,Wolapaketalino,Bonus,
7,9,2,Wolapaketurko,Bonus,
7,9,3,Wolapaketoro,Bonus,
7,9,4,Wolapaketatakel,Bonus,
7,9,5,Wolapaketalama,Bonus,
7,9,6,Wolapaketapingu,Bonus,
7,9,7,Wolapaketawal,Bonus,
7,9,8,Wolapaketoffro,Bonus,
7,9,9,Wolapaketeulo,Bonus,
7,9,10,Wolapaketotto,Bonus,
7,10,1,Wolabassolino,Bonus,
7,10,2,Wolabassorko,Bonus,
7,10,3,Wolabassoro,Bonus,
7,10,4,Wolabassotakel,Bonus,
7,10,5,Wolabassolama,Bonus,
7,10,6,Wolabassopingu,Bonus,
7,10,7,Wolabassowal,Bonus,
7,10,8,Wolabassoffro,Bonus,
7,10,9,Wolabassoulo,Bonus,
7,10,10,Wolabassotto,Bonus,
8,1,1,Bzzawaffelino,R1,
8,1,2,Bzzawafferko,R1,
8,1,3,Bzzawaffero,R1,
8,1,4,Bzzawaffetakel,R1,
8,1,5,Bzzawaffelama,R1,
8,1,6,Bzzawaffepingu,R1,
8,1,7,Bzzawaffewal,R1,
8,1,8,Bzzawaffeffro,R1,
8,1,9,Bzzawaffeulo,Bonus,
8,1,10,Bzzawaffetto,Bonus,
8,2,1,Bzzagurkalino,R1,
8,2,2,Bzzagurkurko,R1,
8,2,3,Bzzagurkoro,R1,
8,2,4,Bzzagurkatakel,R1,
8,2,5,Bzzagurkalama,R1,
8,2,6,Bzzagurkapingu,R1,
8,2,7,Bzzagurkawal,R1,
8,2,8,Bzzagurkoffro,R1,
8,2,9,Bzzagurkeulo,Bonus,
8,2,10,Bzzagurkotto,Bonus,
8,3,1,Bzzadrantolino,R1,
8,3,2,Bzzadrantorko,R1,
8,3,3,Bzzadrantoro,R1,
8,3,4,Bzzadrantotakel,R1,
8,3,5,Bzzadrantolama,R1,
8,3,6,Bzzadrantopingu,R1,
8,3,7,Bzzadrantowal,R1,
8,3,8,Bzzadrantoffro,R1,
8,3,9,Bzzadrantoulo,Bonus,
8,3,10,Bzzadrantotto,Bonus,
8,4,1,Bzzaglialino,R1,
8,4,2,Bzzagliarko,R1,
8,4,3,Bzzagliaro,R1,
8,4,4,Bzzagliatakel,R1,
8,4,5,Bzzaglialama,R1,
8,4,6,Bzzagliapingu,R1,
8,4,7,Bzzagliawal,R1,
8,4,8,Bzzagliaffro,R1,
8,4,9,Bzzagliaulo,Bonus,
8,4,10,Bzzagliatto,Bonus,
8,5,1,Bzzadiskolino,R1,
8,5,2,Bzzadiskorko,R1,
8,5,3,Bzzadiskoro,R1,
8,5,4,Bzzadiskotakel,R1,
8,5,5,Bzzadiskolama,R1,
8,5,6,Bzzadiskopingu,R1,
8,5,7,Bzzadiskowal,R1,
8,5,8,Bzzadiskoffro,R1,
8,5,9,Bzzadiskoulo,Bonus,
8,5,10,Bzzadiskotto,Bonus,
8,6,1,Bzzarazzolino,R1,
8,6,2,Bzzarazzorko,R1,
8,6,3,Bzzarazzoro,R1,
8,6,4,Bzzarazzotakel,R1,
8,6,5,Bzzarazzolama,R1,
8,6,6,Bzzarazzopingu,R1,
8,6,7,Bzzarazzowal,R1,
8,6,8,Bzzarazzoffro,R1,
8,6,9,Bzzarazzoulo,Bonus,
8,6,10,Bzzarazzotto,Bonus,
8,7,1,Bzzawolkolino,R1,
8,7,2,Bzzawolkorko,R1,
8,7,3,Bzzawolkoro,R1,
8,7,4,Bzzawolkotakel,R1,
8,7,5,Bzzawolkolama,R1,
8,7,6,Bzzawolkopingu,R1,
8,7,7,Bzzawolkowal,R1,
8,7,8,Bzzawolkoffro,R1,
8,7,9,Bzzawolkoulo,Bonus,
8,7,10,Bzzawolkotto,Bonus,
8,8,1,Bzzakoffalino,R1,
8,8,2,Bzzakoffurko,R1,
8,8,3,Bzzakofforo,R1,
8,8,4,Bzzakoffatakel,R1,
8,8,5,Bzzakoffalama,R1,
8,8,6,Bzzakoffapingu,R1,
8,8,7,Bzzakoffawal,R1,
8,8,8,Bzzkoffro,R1,
8,8,9,Bzzakoffeulo,Bonus,
8,8,10,Bzzakoffotto,Bonus,
8,9,1,Bzzapaketalino,Bonus,
8,9,2,Bzzapaketurko,Bonus,
8,9,3,Bzzapaketoro,Bonus,
8,9,4,Bzzapaketatakel,Bonus,
8,9,5,Bzzapaketalama,Bonus,
8,9,6,Bzzapaketapingu,Bonus,
8,9,7,Bzzapaketawal,Bonus,
8,9,8,Bzzapaketoffro,Bonus,
8,9,9,Bzzapaketeulo,Bonus,
8,9,10,Bzzapaketotto,Bonus,
8,10,1,Bzzabassolino,Bonus,
8,10,2,Bzzabassorko,Bonus,
8,10,3,Bzzabassoro,Bonus,
8,10,4,Bzzabassotakel,Bonus,
8,10,5,Bzzabassolama,Bonus,
8,10,6,Bzzabassopingu,Bonus,
8,10,7,Bzzabassowal,Bonus,
8,10,8,Bzzabassoffro,Bonus,
8,10,9,Bzzabassoulo,Bonus,
8,10,10,Bzzabassotto,Bonus,
9,1,1,Pakewaffelino,Bonus,
9,1,2,Pakewafferko,Bonus,
9,1,3,Pakewaffero,Bonus,
9,1,4,Pakewaffetakel,Bonus,
9,1,5,Pakewaffelama,Bonus,
9,1,6,Pakewaffepingu,Bonus,
9,1,7,Pakewaffewal,Bonus,
9,1,8,Pakewaffeffro,Bonus,
9,1,9,Pakewaffeulo,Bonus,
9,1,10,Pakewaffetto,Bonus,
9,2,1,Pakegurkalino,Bonus,
9,2,2,Pakegurkurko,Bonus,
9,2,3,Pakegurkoro,Bonus,
9,2,4,Pakegurkatakel,Bonus,
9,2,5,Pakegurkalama,Bonus,
9,2,6,Pakegurkapingu,Bonus,
9,2,7,Pakegurkawal,Bonus,
9,2,8,Pakegurkoffro,Bonus,
9,2,9,Pakegurkeulo,Bonus,
9,2,10,Pakegurkotto,Bonus,
9,3,1,Pakedrantolino,Bonus,
9,3,2,Pakedrantorko,Bonus,
9,3,3,Pakedrantoro,Bonus,
9,3,4,Pakedrantotakel,Bonus,
9,3,5,Pakedrantolama,Bonus,
9,3,6,Pakedrantopingu,Bonus,
9,3,7,Pakedrantowal,Bonus,
9,3,8,Pakedrantoffro,Bonus,
9,3,9,Pakedrantoulo,Bonus,
9,3,10,Pakedrantotto,Bonus,
9,4,1,Pakeglialino,Bonus,
9,4,2,Pakegliarko,Bonus,
9,4,3,Pakegliaro,Bonus,
9,4,4,Pakegliatakel,Bonus,
9,4,5,Pakeglialama,Bonus,
9,4,6,Pakegliapingu,Bonus,
9,4,7,Pakegliawal,Bonus,
9,4,8,Pakegliaffro,Bonus,
9,4,9,Pakegliaulo,Bonus,
9,4,10,Pakegliatto,Bonus,
9,5,1,Pakediskolino,Bonus,
9,5,2,Pakediskorko,Bonus,
9,5,3,Pakediskoro,Bonus,
9,5,4,Pakediskotakel,Bonus,
9,5,5,Pakediskolama,Bonus,
9,5,6,Pakediskopingu,Bonus,
9,5,7,Pakediskowal,Bonus,
9,5,8,Pakediskoffro,Bonus,
9,5,9,Pakediskoulo,Bonus,
9,5,10,Pakediskotto,Bonus,
9,6,1,Pakerazzolino,Bonus,
9,6,2,Pakerazzorko,Bonus,
9,6,3,Pakerazzoro,Bonus,
9,6,4,Pakerazzotakel,Bonus,
9,6,5,Pakerazzolama,Bonus,
9,6,6,Pakerazzopingu,Bonus,
9,6,7,Pakerazzowal,Bonus,
9,6,8,Pakerazzoffro,Bonus,
9,6,9,Pakerazzoulo,Bonus,
9,6,10,Pakerazzotto,Bonus,
9,7,1,Pakewolkolino,Bonus,
9,7,2,Pakewolkorko,Bonus,
9,7,3,Pakewolkoro,Bonus,
9,7,4,Pakewolkotakel,Bonus,
9,7,5,Pakewolkolama,Bonus,
9,7,6,Pakewolkopingu,Bonus,
9,7,7,Pakewolkowal,Bonus,
9,7,8,Pakewolkoffro,Bonus,
9,7,9,Pakewolkoulo,Bonus,
9,7,10,Pakewolkotto,Bonus,
9,8,1,Pakekoffalino,Bonus,
9,8,2,Pakekoffurko,Bonus,
9,8,3,Pakekofforo,Bonus,
9,8,4,Pakekoffatakel,Bonus,
9,8,5,Pakekoffalama,Bonus,
9,8,6,Pakekoffapingu,Bonus,
9,8,7,Pakekoffawal,Bonus,
9,8,8,Pakekoffoffro,Bonus,
9,8,9,Pakekoffeulo,Bonus,
9,8,10,Pakekoffotto,Bonus,
9,9,1,Pakepaketalino,Bonus,
9,9,2,Pakepaketurko,Bonus,
9,9,3,Pakepaketoro,Bonus,
9,9,4,Pakepaketatakel,Bonus,
9,9,5,Pakepaketalama,Bonus,
9,9,6,Pakepaketapingu,Bonus,
9,9,7,Pakepaketawal,Bonus,
9,9,8,Pakepaketoffro,Bonus,
9,9,9,Paketeulo,Bonus,
9,9,10,Pakepaketotto,Bonus,
9,10,1,Pakebassolino,Bonus,
9,10,2,Pakebassorko,Bonus,
9,10,3,Pakebassoro,Bonus,
9,10,4,Pakebassotakel,Bonus,
9,10,5,Pakebassolama,Bonus,
9,10,6,Pakebassopingu,Bonus,
9,10,7,Pakebassowal,Bonus,
9,10,8,Pakebassoffro,Bonus,
9,10,9,Pakebassoulo,Bonus,
9,10,10,Pakebassotto,Bonus,
10,1,1,Basawaffelino,Bonus,
10,1,2,Basawafferko,Bonus,
10,1,3,Basawaffero,Bonus,
10,1,4,Basawaffetakel,Bonus,
10,1,5,Basawaffelama,Bonus,
10,1,6,Basawaffepingu,Bonus,
10,1,7,Basawaffewal,Bonus,
10,1,8,Basawaffeffro,Bonus,
10,1,9,Basawaffeulo,Bonus,
10,1,10,Basawaffetto,Bonus,
10,2,1,Basagurkalino,Bonus,
10,2,2,Basagurkurko,Bonus,
10,2,3,Basagurkoro,Bonus,
10,2,4,Basagurkatakel,Bonus,
10,2,5,Basagurkalama,Bonus,
10,2,6,Basagurkapingu,Bonus,
10,2,7,Basagurkawal,Bonus,
10,2,8,Basagurkoffro,Bonus,
10,2,9,Basagurkeulo,Bonus,
10,2,10,Basagurkotto,Bonus,
10,3,1,Basadrantolino,Bonus,
10,3,2,Basadrantorko,Bonus,
10,3,3,Basadrantoro,Bonus,
10,3,4,Basadrantotakel,Bonus,
10,3,5,Basadrantolama,Bonus,
10,3,6,Basadrantopingu,Bonus,
10,3,7,Basadrantowal,Bonus,
10,3,8,Basadrantoffro,Bonus,
10,3,9,Basadrantoulo,Bonus,
10,3,10,Basadrantotto,Bonus,
10,4,1,Basaglialino,Bonus,
10,4,2,Basagliarko,Bonus,
10,4,3,Basagliaro,Bonus,
10,4,4,Basagliatakel,Bonus,
10,4,5,Basaglialama,Bonus,
10,4,6,Basagliapingu,Bonus,
10,4,7,Basagliawal,Bonus,
10,4,8,Basagliaffro,Bonus,
10,4,9,Basagliaulo,Bonus,
10,4,10,Basagliatto,Bonus,
10,5,1,Basadiskolino,Bonus,
10,5,2,Basadiskorko,Bonus,
10,5,3,Basadiskoro,Bonus,
10,5,4,Basadiskotakel,Bonus,
10,5,5,Basadiskolama,Bonus,
10,5,6,Basadiskopingu,Bonus,
10,5,7,Basadiskowal,Bonus,
10,5,8,Basadiskoffro,Bonus,
10,5,9,Basadiskoulo,Bonus,
10,5,10,Basadiskotto,Bonus,
10,6,1,Basarazzolino,Bonus,
10,6,2,Basarazzorko,Bonus,
10,6,3,Basarazzoro,Bonus,
10,6,4,Basarazzotakel,Bonus,
10,6,5,Basarazzolama,Bonus,
10,6,6,Basarazzopingu,Bonus,
10,6,7,Basarazzowal,Bonus,
10,6,8,Basarazzoffro,Bonus,
10,6,9,Basarazzoulo,Bonus,
10,6,10,Basarazzotto,Bonus,
10,7,1,Basawolkolino,Bonus,
10,7,2,Basawolkorko,Bonus,
10,7,3,Basawolkoro,Bonus,
10,7,4,Basawolkotakel,Bonus,
10,7,5,Basawolkolama,Bonus,
10,7,6,Basawolkopingu,Bonus,
10,7,7,Basawolkowal,Bonus,
10,7,8,Basawolkoffro,Bonus,
10,7,9,Basawolkoulo,Bonus,
10,7,10,Basawolkotto,Bonus,
10,8,1,Basakoffalino,Bonus,
10,8,2,Basakoffurko,Bonus,
10,8,3,Basakofforo,Bonus,
10,8,4,Basakoffatakel,Bonus,
10,8,5,Basakoffalama,Bonus,
10,8,6,Basakoffapingu,Bonus,
10,8,7,Basakoffawal,Bonus,
10,8,8,Basakoffoffro,Bonus,
10,8,9,Basakoffeulo,Bonus,
10,8,10,Basakoffotto,Bonus,
10,9,1,Basapaketalino,Bonus,
10,9,2,Basapaketurko,Bonus,
10,9,3,Basapaketoro,Bonus,
10,9,4,Basapaketatakel,Bonus,
10,9,5,Basapaketalama,Bonus,
10,9,6,Basapaketapingu,Bonus,
10,9,7,Basapaketawal,Bonus,
10,9,8,Basapaketoffro,Bonus,
10,9,9,Basapaketeulo,Bonus,
10,9,10,Basapaketotto,Bonus,
10,10,1,Basabassolino,Bonus,
10,10,2,Basabassorko,Bonus,
10,10,3,Basabassoro,Bonus,
10,10,4,Basabassotakel,Bonus,
10,10,5,Basabassolama,Bonus,
10,10,6,Basabassopingu,Bonus,
10,10,7,Basabassowal,Bonus,
10,10,8,Basabassoffro,Bonus,
10,10,9,Basabassoulo,Bonus,
10,10,10,Bassotto,Bonus,
